vest_ID,election_ID
12-51858,5-Dec
Summit 13374,063 Summit 1
16-51877,16-5
19-61895,19-6
Courthouse 23317,196 Courthouse 2
Apison 33375,216 Apison 3
Concord 53330,177 Concord 5
14-41866,14-4
Eastside 23332,132 Eastside 2
Alton Park 23368,214 Alton Park 2
Ooltewah 33358,143 Ooltewah 3
20-11896,20-1
18-11885,18-1
Memphis 128104,Memphis 12
Memphis 50-18145,Memphis 50-1
5-1 Whitehall Elementary School5653,5-1 Whitehall
Harrison 63428,218 Harrison 6
Mountain Creek 23392,106 Mountain Creek 2
Memphis 618171,Memphis 61
21-11899,21-1
Collegedale 63400,220 Collegedale 6
Amnicola3372,003 Amnicola
Memphis 60-98170,Memphis 60-9
Memphis 138105,Memphis 13
Kingspoint 33303,176 Kingspoint 3
Summit 43382,201 Summit 4
15-51872,15-5
Memphis 34-28120,Memphis 34-2
Memphis 76-58205,Memphis 76-5
23-51911,23-5
18-51889,18-5
Memphis 75-18200,Memphis 75-1
Memphis 50-28121,Memphis 50-2
Memphis 84-28228,Memphis 84-2
Memphis 498144,Memphis 49
Ooltewah 63424,168 Ooltewah 6
Memphis 75-78203,Memphis 75-7
Woodmore 23320,174 Woodmore 2
Memphis 60-38164,Memphis 60-3
Clinchmore0614,4-2 Clinchmore
144873,14 Austin-East
Memphis 76-48204,Memphis 76-4
Memphis 47-18142,Memphis 47
Avondale3394,004 Avondale
Memphis 41-38130,Memphis 41-3
Collegedale 53345,217 Collegedale 5
Catons Chapel 27972,1-2 Caton's Chapel
1 Allandale Outside3807,1 Allandale Outside
Soddy Daisy 43412,219 Soddy Daisy 4
Orme5759,Orme
St Elmo 23367,137 St. Elmo 2
Bushtown3373,008 Bushtown
1-51805,5-Jan
Memphis 79-78214,Memphis 79-7
Memphis 42-18131,Memphis 42-1
Memphis 75-68202,Memphis 75-6
Memphis 52-18146,Memphis 52-1
2-11806,1-Feb
Memphis 92-18243,Memphis 92-1
19-51894,19-5
5-41824,4-May
5-2 Macedonia Baptist Church5654,5-2 Macedonia
2 Church Hill Outside3810,2 Church Hill Outsid
Hubbard's Cove3159,Hubbard's Cove
Memphis 268113,Memphis 26
Memphis 60-68167,Memphis 60-6
Memphis 218111,Memphis 21
17-3 Wesley Foundation7688,17-3
2-31808,3-Feb
Memphis 60-58166,Memphis 60-5
10-W4893,10W Howard Baker Center
East Chattanooga 13300,018 East Chattanooga 1
Memphis 75-118201,Memphis 75-11
Jones Cove 27971,1-4 Jones Cove
Mountain Creek 33406,215 Mountain Creek 3
Houston Valley1418,Houston Valley
Memphis 76-68206,Memphis 76-6
1-3 Edgar Evins State Park2151,1-3 Edgar Evins Park
Dalewood3308,014 Dalewood
Lookout Valley 23364,092 Lookout Valley 2
Rosedale0024,Rosedale
2-41809,4-Feb
Memphis 82-28224,Memphis 82-2
Memphis 838226,Memphis 83
Memphis 118103,Memphis 11
Memphis 59-58161,Memphis 59-5
94861,09 Eternal Life Harvest
1-2 Mt. Moriah Baptist Church5652,1-2 Mt Moriah
Pleasant Grove 23401,103 Pleasant Grove 2
Happy Valley0435,Happy Valley
Concord 63425,178 Concord 6
Memphis 73-18191,Memphis 73-1
Ridgedale 23420,211 Ridgedale 2
01 Christ Temple Apostolic Church3904,1-Jan
21-31901,21-3
Memphis 78-38210,Memphis 78-3
Bolestown7057,Bolestown 4-4
Memphis 79-18211,Memphis 79-1
32-21945,32-2
4-1 Gibson Hall1212,4-1 Gibson Hall
09A Stanton City Hall3910,1-Sep
Memphis 378125,Memphis 37
National Guard Armory0922,National Guard
Memphis 79-38213,Memphis 79-3
5-13 Braden Chapel Church9008,5-2 Braden Chapel
Memphis 74-98199,Memphis 74-9
Memphis 45-28138,Memphis 45-2
4 Gray City9337,04 Gray City
Collins3154,Collins
Memphis 79-28212,Memphis 79-2
7-1 UT Agricultural Experiment Station5656,7-1 UT Experiment
124865,12 Eastport
White Hill Community Cntr.9107,White Hill
Memphis 77-38209,Memphis 77-3
Tarlton3151,Tarlton
19-31892,19-3
Memphis 77-18207,Memphis 77-1
Concord 73305,206 Concord 7
Ooltewah 53360,169 Ooltewah 5
Griffith0305,1-2 Griffith
Barnes Ridge7059,Barnes Ridge 4-3
3rd Beacon2063,3-1 Beacon
Murray Hills 23356,182 Murray Hills 2
08 St. James Baptist Church2756,4 St James Baptist
2-51810,5-Feb
14 Vale0811,Vale
3-1 Christian Chapel4012,3-4 Christian Chapel
Memphis 94-68244,Memphis 94-6
2-21807,2-Feb
Alton Park 13419,212 Alton Park 1
4 Shiloh3716,Shiloh 4-1
5-3 Sherwood2661,5-3 Sherwood
7-2 Cumberland Gap1209,7-2 Cumberland Gap
5 Guys6165,Guys 5-3
East Chattanooga 23421,192 East Chattanooga 2
Woodmore 13391,173 Woodmore 1
4-2 Rock Castle2162,4-2 Rock Castle
Memphis 20-38110,Memphis 20-3
Glenwood3411,023 Glenwood
31 Cherokee City9331,31 Cherokee City
204863,20 Beaumont
3-51815,5-Mar
Tyner 23340,097 Tyner 2
17-2 Kingwood Heights Church of Christ7687,17-2
1 Tiptonville Senior Center4951,1 Tiptonville SR Citizens
East Jamestown2563,East Jamestown
13-41862,13-4
50-N4858,50N West High
Ross Store 158268,Ross 15
3-21812,2-Mar
19-W4894,19W Thrive Lonsdale
16-41876,16-4
4-3 Liberty1216,4-3 Liberty
401 Brush Creek6957,4-1 Brush Creek
Memphis 36-28123,Memphis 36-2
Memphis 60-78168,Memphis 60-7
Lee Station0306,6-1 Lee Station
7 High School8807,07 High School
5-31823,3-May
09 Humboldt Lane Chapel2757,5 Lane Chapel Church
4 Upper Beech3806,4 Upper Beech
20 Westport0813,Westport
11 Buena Vista0819,Buena Vista
Memphis 70-28184,Memphis 70-2
04C Poplar Grove Community Center7275,4C Poplar Grove
Ross Store 148267,Ross 14
2A Springtown Firehall7160,2A Springtown
17-31880,17-3
Memphis 93-18245,Memphis 93-1
1B6479,1B Emmanuel
17-51882,17-5
17-21879,17-2
6-31828,3-Jun
Memphis 31-48118,Memphis 31-4
Ridgeside3409,061 Ridgeside
08E Buffalo Valley7270,8E Buffalo Valley
Memphis 338119,Memphis 33
Eastgate 13312,094 Eastgate 1
10 Humboldt High School2758,6 Humboldt HS
Lodge5756,Lodge
5-11821,1-May
5-1 Keith Springs2659,5-1 Keith Springs
F - Dyer County Central2361,F- Dyer Co Central
8-11837,1-Aug
Petros 6-26653,6-2 Petros
Beersheba3152,Beersheba Springs
3-31813,3-Mar
5-51825,5-May
9th Beacon2061,9-1 Beacon
154867,15 John T. O'Connor
Memphis 73-38192,Memphis 73-3
Liberty2060,2-1 Liberty
Travisville7055,Travisville 3-2
Elk Mills0914,Elk Mills
Elder Mountain5751,Elder Mountain
North Chattanooga 23405,139 North Chattanooga 2
03 Jefferson Court Community Building3903,1-Mar
Memphis 87-28061,Memphis 87-2
9-1 Clairfield1202,9-1 Clairfield
Kingspoint 13396,190 Kingspoint 1
7-31833,3-Jul
Memphis 71-48187,Memphis 71-4
Cross Roads3157,Cross Roads
19-E4804,19E Thrive Lonsdale
Ridgedale 13377,210 Ridgedale 1
Harrison 13357,058 Harrison 1
21-21900,21-2
Gassaway0702,2-2 Gassaway
Memphis 31-28117,Memphis 31-2
7 Macedonia0802,Macedonia
102 Marsh Creek6958,1-2 Marsh Creek
17-71884,17-7
Memphis 88-48234,Memphis 88-4
6th3506,6th
Grand Junction3613,Grand Junction
3 Eagle Creek Fire Hall9408,3-3 Eagle Creek
White Oak0619,5-5 White Oak
Downtown 13403,199 Downtown 1
24-41915,24-4
Memphis 69-28182,Memphis 69-2
Dill0304,1-1 Dill
Memphis 72-38189,Memphis 72-3
1-24508,2-Jan
5 Cypress6166,Cypress 5-1
Kingspoint 23366,191 Kingspoint 2
7-1 Middleburg4014,7-9 Middleburg
Memphis 74-28195,Memphis 74-2
9 City8809,09 City
18-21886,18-2
4-2 Howard's Quarter1214,4-2 Howard's Quarter
Boom7058,Boom 4-1
2 Greasy Creek Comm. Club7158,2 Greasy Creek
51608,5
2 Short Mountain0708,2-4 Short Mountain
Eastdale3410,195 Eastdale
1 Senior Center8801,01 Senior Center
16-21874,16-2
Courthouse 13323,208 Courthouse 1
Chestnut Ridge 4-36655,4-3 Chestnut Ridge
Moodyville7056,Moodyville 1-2
Perryville2062,7-2 Perryville
Memphis 70-18183,Memphis 70-1
Memphis 94-38248,Memphis 94-3
3-2 Paint Rock7759,3-2 Paint Rock
Ripley 45056,Ripley 4
202 Pope6960,2-2 Pope
14-31865,14-3
6B BMS Bridgeforth Middle School2862,6B Bridgeforth
6-11826,1-Jun
6-1 Belk2166,6-1 Belk
Eastgate 23325,095 Eastgate 2
Memphis 94-78250,Memphis 94-7
302 Flatwoods6959,3-2 Flatwoods
10-21845,2-Oct
29 Milan Polk Clark2768,13 Milan Polk Clark
Memphis 90-38240,Memphis 90-3
Whiteville3603,Whiteville
1-1 Jera Building4408,1-1 Jera
Memphis 178108,Memphis 17
Waldens Ridge5765,Walden's Ridge
05-2 Beersheba Towers9208,5-2 Towers
7-3 Denmark West Community Center5658,7-3 Denmark
07-2 Pleasantville4211,7-2 Pleasantville
1-1 Carl Perkins Civic Center5651,1-1 Civic Center
50-S4860,50S West High
13-21860,13-2
Pelham3158,Pelham
134871,13 Fair Garden
Memphis 72-78190,Memphis 72-7
Central3155,Central
"1-2 Sparta Civic Center, County9609",1-2 Sparta Civic
02 Parks & Recreation Dept3901,1-Feb
4-1 Maple Grove1301,4-1 Maple Grove
Deer Lodge 4-26661,4-2 Deer Lodge
07-4 Coble4214,7-4 Coble
7 Bulls Gap Inside3823,7 Bulls Gap Inside
Palmer3162,Palmer
2 Clifton9401,2 Clifton
30-31938,30-3
Kodak 27974,8-2 Kodak
Watauga0920,Watauga
31-11940,31-1
6-51830,5-Jun
02-2 Fairfield4205,2-2 Fairfield
17-11878,17-1
16-11873,16-1
304868,30 Sarah Moore Greene
Rankin1413,Rankin
33-11948,33-1
Memphis 74-18194,Memphis 74-1
Cummingsville Community Cntr9106,Cummingsville
2-24502,2-Feb
2-2 Dowelltown2160,2-2 Dowelltown
101605,10
10-S4832,10S Howard Baker Center
5-21822,2-May
3-4 Masseyville1111,3-4 Masseyville
1-2 Temperence Hall2159,1-2 Temperence Hall
Ross Store 168269,Ross 16
5-2 Pea Ridge1304,5-2 Pea Ridge
29-31934,29-3
River Canyon5761,River Canyon
Collegedale 33379,167 Collegedale 3
Memphis 94-88251,Memphis 94-8
5 Wayne Co. High School9414,5-3 Wayne Co High
8 Willard8808,08 Willard
Mossy Grove 2-26657,2-2 Mossy Grove
3 Purdy6161,Purdy 3-3
Memphis 88-28232,Memphis 88-2
Elora Community Center5366,7-1 Elora
4 Short Mountain0709,4-2 Short Mountain
Pinecrest0612,1-3 Pinecrest
6 Olive Hill3711,Olive Hill 6-3
1-6 Harmony1109,1-6 Harmony
College Hill0601,2-1 College Hill
Memphis 74-58197,Memphis 74-5
Ross Store 058265,Ross 05
6 Clinch3818,6 Clinch
19 Concord0806,Concord
4 Halltown8804,04 Halltown
Flat Top Mountain3416,069 Flat Top Mountain
Nine Mile0310,5-2 Nine Mile
Pocahontas3611,Pocahontas
1-41804,4-Jan
Henning5064,Henning 1
4 Dykes3805,4 Dykes
Ross Store 138266,Ross 13
Pleasant Ridge0707,2-3 Pleasant Ridge
Midway1715,8 Midway
12 Edison2760,8-1 Edison
5-1 Arcot/Beech Bethany1302,5-1 Beech Bethany
Eastside 13378,209 Eastside 1
Johnson School House7474,Johnson Sch House
07-1 Nunnelly4213,7-1 Nunnelly
15 La Grange2459,LaGrange
8A6451,8A Bethel
6-1 Iron City5171,06-1 Iron City
5B6476,5B Madison
8-21838,2-Aug
3-6 Deanburg1110,3-6 Deanburg
6-14501,1-Jun
Saulsbury3612,Saulsbury
3-61816,6-Mar
01-1 Nunnelly4212,1-1 Nunnelly
7-4 Mercer Fire Station5659,7-4 Mercer
Elk Valley0605,5-1 Elk Valley
5th3505,5th
Memphis 90-28239,Memphis 90-2
Oliver Springs7466,Oliver Springs
201 Pineview6951,2-1 Pineview
4th3502,4th
Little Milligan0913,Little Milligan
West Fentress2560,West Fentress
Kelly's 6-16660,6-1 Kellys
6-4 Medon City Hall5661,6-4 Medon
Pall Mall2559,Pall Mall
Memphis 58-18158,Memphis 58-1
3 Beech Creek Fire Hall9402,3-1 Beech Creek
Well Springs0617,1-5 Well Springs
6-2 Keltonburg2165,6-2 Keltonburg
Edith5053,Edith 7
7-1 Jeanette2057,7-1 Jeanette
10 Providence8810,10 Providence
Valdeau3324,085 Valdeau
3-3 Darden4008,3-7 Darden
17-61883,17-6
101 Cedar Creek6954,1-1 Cedar Creek
Dixie Hills3610,Dixie Hills
09B West Side Church of Christ3914,2-Sep
34 Laneview2775,18-1 Laneview
9-2 Summitville Community Center1523,9-2 Summitville
Briceville0002,Briceville
Concord 33427,141 Concord 3
18 Cannon0814,Cannon
Cedar Grove Community Cntr.9101,Cedar Grove
71610,7
Lake Hills3302,028 Lake Hills
12-1 Prince Tree Service5174,12-1 Center
2-14509,1-Feb
6 Walnut Grove8806,06 Walnut Grove
114875,11 Central UMC
Bonny Oaks3422,005 Bonny Oaks
16 Marvin's Chapel9329,16 Marvin's Chapel
Luminary0307,2-2 Luminary
58-N4895,58N Pedigo
Scotts Hill2051,2-2 Scotts Hill
12C Brotherton7260,12C Brotherton
Downtown 23318,197 Downtown 2
5-2 Gandy5172,05-2 Gandy
"6-1 Central View School, County9602",6-1 Central View
301 Coon Creek6953,3-1 Coon Creek
10-N4862,10N Fort Sanders
12-1 Bransford School7568,12-1 Bransford
3 Beech Grove8803,03 Beech Grove
3-1 Lone Mountain1207,3-1 Lone Mountain
403 Lobelville Elem. School6952,4-3 Lobelville
2 Lawton6162,Lawton 2-2
07 Delta Heritage Center3912,1-Jul
C - Roellen2355,C3- Roellen
Whitwell Mtn. FD5767,Whitwell Mountain
22 Fairhaven Outside9314,22 Fairhaven Outside
Mulberry Fire Hall5365,6-3 Mulberry
2 Cato8802,02 Cato
5-1 Johnson Chapel2164,5-1 Johnson Chapel
4 Kepler3802,4 Keplar
Apison 23393,118 Apison 2
16-2 Mitchell-Neilson Primary School7684,16-2
10-51848,5-Oct
6 Holly Creek Fire Hall9406,6-1 Holly Creek
21 Asbury9328,21 Asbury
32-41947,32-4
2-2 South Haven4013,2-14 South Haven
3rd3503,3rd
3 Rushing Springs6859,3-4 Rushing Springs
Haletown-Ladds5753,Haletown-Ladd
19-21891,19-2
3-2 Centerpoint5169,03-2 Centerpoint
Newcomb0620,5-4 Newcomb
09-2 Viola Valley Comm. Center9215,9-2 Viola
5 Templow8805,05 Templow
Erin City Hall4303,Erin
Memphis 93-38246,Memphis 93-3
6-3 Blue Springs2154,6-3 Blue Springs
4 McLemoresville0810,McLemoresville
7A GCHS Giles County High School2863,7A GCHS
05-2 Middle School4207,5-2 Middle School
Dutch Valley0008,Dutch Valley
Oak Hill7052,Oak Hill 4-2
3-14504,1-Mar
1-14507,1-Jan
08-3 Bonner Church of Christ9213,8-3 Bonner
29-11932,29-1
Forest Hills 38084,Forest Hills 03
Cherokee7455,Cherokee
4-29805,2-Apr
5 Saltillo3718,Saltillo 5-1
05-3 Shady Grove4208,5-3 Shady Grove
30-11936,30-1
Armory5362,5-2 Armory
1 Lavinia0816,Lavinia
3-3 Walnut Grove2655,3-3 Walnut Grove
4-2 Andrew Jackson School5674,4-2 Andrew Jackson
1-2 Grandview7352,1-2 Grandview
22 McKenzie City hall0818,McKenzie
2nd3501,2nd
2-1 Liberty2152,2-1 Liberty
Mt.Crest0309,1-3 Mt. Crest
17 National Guard Armory1517,17 National Guard Armory
Spencer 19104,Spencer 1
19-41893,19-4
1 McNairy6154,McNairy 1-3
Shellmound5763,Shellmound
Burrville 5-26659,5-2 Burrville
Lacy3606,Lacy
Hornsby3609,Hornsby
Meadowview3426,059 Meadowview
McBride5058,McBride 1
7-11831,1-Jul
Spencer 59105,Spencer 5
Conner5059,Conner 2
184877,18 Lincoln Park
601 Lobelville City Hall6956,6-1 Lobelville
2-3 Snows Hill2161,2-3 Snows Hill
5-2 CLOVERDALE6759,5-2 Cloverdale
Luttrell5451,Luttrell
1-5 Sweet Lips1104,1-5 Sweet Lips
Ripley 25054,Ripley 2
5 Lutts9405,5-2 Lutts
39 Currie2778,19-2 Currie
4-14511,1-Apr
11-1 Midway Community Center9218,11-1 Midway
5-24505,2-May
1-31803,3-Jan
37 Good Luck2776,18-2 Good Luck
2-1 Alexander Elementary School5671,2-1 Alexander
Belleville Community Center5364,6-2 Belleville
Highland View0014,Highland View
3 Leapwood6160,Leapwood 3-1
1 Armory3702,Airport 1-1
234859,23 Westview
9-2 Hydro2059,9-2 Hydro
Midway7454,Midway
3-3 Brock Community Center9001,3-2 Brock
Auburntown0706,2-1 Auburntown
Grassy Fork1408,Grassy Fork
Lake City0015,Rocky Top
4-24512,2-Apr
9-21842,2-Sep
501 Perry Co. Courthouse6955,5-1 Linden
3 Celina1305,3 Celina
Highland5959,Highland 2-2
9-15259,1-Sep
Erin Elementary School4305,Erin Elementary
Northwoods 23331,038 Northwoods 2
34-21954,34-2
Memphis 36-18122,Memphis 36-1
7 Buffalo River Fire Dept.9410,7-1 Buffalo River
3rd Decaturville2053,3-2 Decaturville
28-21930,28-2
Lightfoot5060,Lightfoot 5
Grassy Cove1710,6 Grassy Cove
Oakdale 2-36662,2-3 Oakdale
St Elmo 13407,043 St. Elmo 1
26-11922,26-1
3 Southside3713,Southside 3-2
1-21802,2-Jan
5 East View6164,East View 5-2
3 Watterson3819,3 Watterson
5-14506,1-May
5th Parsons2055,5-1 Parsons
5-2 Sewanee2660,5-2 Sewanee
Armory4301,Tennessee Ridge
Hixson 13418,025 Hixson 1
40 Embreeville9304,40 Embreeville
Range0903,Range
Arlington Sr. Citizens Cntr4302,Arlington
7-3 Scotts Hill4009,7-13 Scotts Hill
3 Poteet6856,3-2 Poteet
Houston Co. Middle School4306,Houston Co Middle
Forest Hills 28083,Forest Hills 02
4 Shawnatee9403,4-2 Shawnettee
5-1 Pine Hill7760,5-1 City Park
2 Walkers3701,Walkers 2-2
Memphis 868229,Memphis 86
Nankipoo5062,Nankipoo 7
Dorton1707,3 Dorton
3-2 Old Bells Fire Station5679,3-2 Old Bells Rd #10
7-21832,2-Jul
30-21937,30-2
91604,9
Silerton3607,Silerton
05-1 Mt. Pleasant4206,5-1 Mt. Pleasant
08 Douglas Community Center3913,1-Aug
Oak Ridge City Hall0021,Oak Ridge
Memphis 58-48159,Memphis 58-4
574810,57 Hills
4-2 Butlers Landing1306,4-2 Butlers Landing
3-1 Calvary Chapel2258,1-Mar
13 Hollow Rock0815,Hollow Rock
Memphis 288114,Memphis 28
1 Finger6159,Finger 1-2
Middlesettlements0407,Middlesettlements
09 Ingleside School6055,Ingleside
64864,06 Green School
6th Parsons2056,6-1 Parsons
3-24510,2-Mar
8-15258,1-Aug
3-2 Springville4111,3-2 Springville
Red Bank 23414,077 Red Bank 2
4-1 Belvidere2656,4-1 Belvidere
4 Electric Co-op7858,4 Electric Co-op
Griffin Chapel Church4307,Griffins Chapel
Brayton0302,3-1 Brayton
31609,3
6-21827,2-Jun
Mentor0409,Mentor
05F Dry Valley7274,5F Dry Valley
6A MMC Martin Methodist College2861,6A Martin
Stewart Community Center4304,Stewart
7-41834,4-Jul
28-31931,28-3
02 Saint Paul United Methodist Church1502,2 St Paul
35-21959,35-2
12-3 LaVergne High School7699,3-Dec
35 Limestone9305,35 Limestone
Coalmont3160,Coalmont
Foster Falls5752,Foster Falls
1-1 St. Joseph5170,01-1 St. Joseph
7-61836,6-Jul
7th3507,7th
6-24503,2-Jun
12 Williston2458,Williston
Chanute7053,Chanute 3-1
11-2 Heads Free Will Baptist Church7566,11-2 Heads
Armathwaite2551,Armathwaite
Alder Springs0616,1-1 Alder Springs
2-1 Elgin7758,2-1 Elgin
Martin Luther King0411,Martin Luther King
7 Whites3709,Whites 7-1
1st3504,1st
13-11859,13-1
11602,1
Gates5052,Gates 7
Woodland0027,Woodland
10-61849,6-Oct
Whites 27961,10-2 Whites
Bakewell 13343,184 Bakewell 1
01-2 Pinewood4201,1-2 Pinewood
3-2 Fire Station #104006,3-10 Fire Sta #10
Airport3389,175 Airport
9-2 Mars Hill5159,09-2 Mars Hill
Piney Fire Hall9102,Piney
12-2 Lucky Community Center9221,12-2 Lucky
19 CD Stamps Center1519,19 CD Stamps Center
33-41951,33-4
10-1 Spring Creek Fire Station #75683,10-1 Spring Creek
Molino5351,1-2 Molino
9-1 Graysville7361,9-1 Graysville
18 Kenton2772,16-2 Kenton
04 Chamber Basement3902,1-Apr
6 Rhodes3712,Rhodes 6-2
East Lake3395,019 East Lake
3 Crazy Horse9409,3-2 Crazy Horse
6 Cerro Gordo3706,Cerro Gordo 6-1
174876,17 Christenberry
5-5 SAMBURG6755,5-5 Samburg
1-15254,1-Jan
6-41829,4-Jun
14 Brazil2761,8-2 Brazil
Howell5355,2-2 Howell
Collegedale 23349,122 Collegedale 2
494834,49 Bearden Elementary
9-1 Ethridge5173,09-1 Ethridge
1 Courthouse6554,1 Courthouse
7 Stantonville6163,Stantonville 7-2
2-2 Goin1205,2-2 Goin
04 Gibson2753,6-4 Gibson
Soddy Daisy 33333,144 Soddy Daisy 3
5 Big Cypress9413,5-1 Big Cypress
Flag Pond8908,Flag Pond
6-2 South Elementary School5662,6-2 South
32-11944,32-1
2B Airport2852,2B Airport
41601,4
03A University7256,3A University
Arp5055,Arp 6
1-2 West Loretto5154,01-2 West Loretto
Memphis 88-38233,Memphis 88-3
Community Center7054,Community Center 1-1
16-1 Rotary Park5166,16-1 Rotary Park
New Hope5758,New Hope
18-41888,18-4
6-2 West Point5156,06-2 West Point
2-1 Jacks Creek1107,2-1 Jacks Creek
Fall Creek Falls Comm. Center9103,Fall Creek Falls
Summit 23383,166 Summit 2
3A Trade4710,3A Trade
10-2 Centertown Comm. Ctr.9217,10-2 Centertown CIC
32-31946,32-3
C-Tatumville2354,C1- Tatumville
07 Calhoun School6062,Calhoun
Habersham0618,5-2 Habersham
South Lincoln5370,8-2 South Lincoln
9-29812,2-Sep
Petersburg5356,2-3 Petersburg
Taft Baptist Church5353,1-3 Taft
Kelso Cumberland Presbyterian Church5368,7-3 Kelso
4-1 Thorn Hill Comm. Blg.2956,1-Apr
05-1 Three Star Mall9207,5-1 Mall
13 Moscow2457,Moscow
Cold Springs0303,2-1 Cold Springs
7-4 Sardis4015,7-12 Sardis
1-2 Enville1108,1-2 Enville
3 Court House7859,3 Courthouse
Memphis 16-38106,Memphis 16-3
2-3 Sandlick1211,2-3 Sandlick
111606,11
4 Braden2462,Braden
12 Princeton9326,12 Princeton
6-15256,1-Jun
6-1 City Hall1106,6-1 City Hall
Toone3608,Toone
Paint Rock7473,Paint Rock
21603,2
Crab Orchard Town Hall1706,6 Crab Orchard
3 Ducktown Courthouse7154,3 Ducktown
3 City Hall6254,3-1 City Hall
20-21897,20-2
Rinnie1720,7 Rinnie
03 Central High School6065,Central
11-23266,2-Nov
West LaFollette0603,3-3 West LaFollette
12-1 Northside Baptist Church9220,12-1 Northside
17-41881,17-4
Cocke County High School1402,Cocke County High
06 Martin Trinity Presbyterian Church9510,6A Trinity
2-2 Robbins7751,2-2 Robbins
2 Monroe6854,2-3 Monroe
2-1 Bean Station Ele. School2957,1-Feb
College Hill5963,College Hill 3-1
7 Walnut Grove3715,Walnut Grove 7-2
3-2 Cedar Grove Community Cen.9004,3-1 Cedar Grove
Monteagle3161,Monteagle
"4-1 Woodland Park School, County9605",4-1 Woodland Park
Courthouse2554,Courthouse
17 Yorkville2771,16-1 Yorkville
7-51835,5-Jul
Bridgeport1417,Bridgeport
Glen Alice7470,Glen Alice
2 Forge/Shouns4701,2 Forge/Shouns
Fishery8905,Fishery
8B6480,8B Barkers Mill
61612,6
08G Upperman7271,8G Upperman
Memphis 81-58221,Memphis 81-5
12-2 Henryville Community Club5162,12-2 Henryville
03-1 Westwood Church of Christ9204,3-1 Westwood
"2-2 Woodland Park School, County9610",2-2 Woodland Park
Monteagle5757,Monteagle
Memphis 62-08172,Memphis 62
4-1 Grove4110,4-1 Grove
314870,31 Chilhowee
7 Bulls Gap Outside3822,7 Bulls Gap Outside
24-31914,24-3
39 New Salem9302,39 New Salem
4-5 Bud's Tire7700,4-Apr
8-4 East Union Ruritan Center5664,8-4 East Union
Norris0018,Norris
30 Milan Assembly/God2769,14 Milan 1stAssembly
8-1 Beech Bluff Baptist Church5666,8-1 Beech Bluff
Pikeville0311,4-1 Pikeville
484801,48 Pond Gap
Emory Heights7460,Emory Heights
Armory1411,Armory
6 Daus7854,6 Daus
30-41939,30-4
3 Garnett2464,Garnett
Hickory Valley3602,Hickory Valley
21A6474,21A Cumberland
7-2 Reagan4010,7-11 Reagan
08D Boma7272,8D Boma
Memphis 20-18109,Memphis 20-1
1 Olivet3707,Olivet 1-2
121607,12
7-15257,1-Jul
21-41902,21-4
06 Carthage8305,06 Carthage
Bolivar3601,Bolivar
27 Skullbone2766,11-5 Skullbone
81611,8
24-51916,24-5
Long Creek1401,Long Creek
2 Hermitage Springs1307,2 Hermitage Springs
6-2 OBION6758,6-2 Obion Sr Ctr
5 Rogersville North Inside3814,5 Rogersville No In
Catlettsburg 17973,7-1 Catlettsburg
13-2 Grace Baptist Center1513,13-2 Grace Baptist
3-1 South East Lawrence5153,03-1 SE Lawrence
26-41925,26-4
3-15253,1-Mar
7 City Justice Center7857,7 Justice Center
2-15251,1-Feb
High School7051,High School 2-1
5 Cedar Grove0804,Cedar Grove
3 Courthouse6252,3-2 Courthouse
12 Bruceton0803,Bruceton
10 Haywood Junior High3905,1-Oct
Temple Hill8903,Temple Hill
9-11841,1-Sep
Memphis 44-58136,Memphis 44-5
8th Parsons2058,8-1 Parsons
26 Union Central2765,11-4 Union Central
1-3 Buchanan4107,1-3 Buchanan
Siam0909,Siam
774821,77 Ramsey
16 Atwood0817,Atwood
4th Decaturville2052,4-1 Decaturville
Lucy 38099,Lucy 03
Central1416,Central
Bellview0301,5-1 Bellview
784819,78 Riverdale
Rockwood Ward 17471,Rockwood Ward 1
4B Butler4702,4B Butler
Emory7461,Emory
10 Tennessee College of Applied Technology6056,TCAT
8-1 Rogers Mill1217,8-1 Rogers Mill
4-15252,1-Apr
6 Alumwell3812,6 Alum Well
4A Dry Run4709,4A Dry Run
1-4 Burwood Community Center9704,4-Jan
4-21818,2-Apr
15-41871,15-4
Clinton Middle School0007,Clinton Middle
Midtown7463,Midtown
Limestone Cove8907,Limestone Cove
Lafayette Elementary School5560,Lafayette
Hardison School5857,7 Hardison
McConnells8100,McConnell's
18-31887,18-3
Dunbar2054,1-1 Dunbar
Concord 23304,093 Concord 2
5 Motlow College6555,5 Motlow College
Middle Valley 23417,186 Middle Valley 2
03-2 Smartt First Baptist Church9205,3-2 Smartt
6-1 Alto/Oak Grove2662,6-1 Alto/Oak Grove
1-2 Beaver4002,1-2 Beaver
6B6473,6B Bethel
Rigsby0312,3-2 Rigsby
I - Community Center2364,I1- Community Center
05 Tibbs Fire Station3906,1-May
344882,34 Fountain City Library
Riverview3348,042 Riverview
Del Rio1404,Del Rio
2 Trezevant0801,Trezevant
5-15255,1-May
Pine Haven2555,Pine Haven
1 Bethel Springs6158,Bethel Springs 1-1
04B Monterey High School7273,4B Monterey City
28 South Side9319,28 South Side
07-3 Brushy4210,7-3 Brushy
3A Cooper Basin High School7155,3A Copper Basin
Concord 13315,012 Concord 1
Falling Water3423,187 Falling Water
4-3 Liberty2658,4-3 Liberty
4 Elementary School6552,4 Lynchburg
3B Turtletown7161,3B Turtletown
Altamont3153,Altamont
21-29828,21-2
5-1 Leoma School Gym5155,05-1 Leoma
17 Senior Citizens0808,Senior Citizens
8-1 Decherd2667,8-1 Decherd
20-19826,20-1
1 Dentons Cross Roads1303,1 Dentons Cross Road
06 Wyatt-Duke National Guard Armory3915,1-Jun
02-2 Warren County Airport9203,2-2 Airport
Midway0921,Midway
Missionary Ridge3336,031 Missionary Ridge
9-1 Pocahontas Community Center1522,9-1 Pocahontas
5A6459,5A Smith
Rural Vale Fire Dept6360,10
Edgemont1412,Edgemont
5-1 Big Spring Union1203,5-1 Big Spring Union
2 Cagle7855,2 Cagle
1-1 Indian Mound8404,1-1 Indian Mound
West End1415,West End
7 Ovilla Fire Hall9407,7-2 Ovilla
Ozone-Pineview1717,6 Ozone-Pineview
8-2 H.A.T.S7561,08-2 HATS
601 East Side School0108,6-1 East Side
4 Rose Creek6152,Rose Creek 4-2
36 West View9306,36 West View
4-13251,1-Apr
3-4 MLEC4403,3-4 MLEC
22-41906,22-4
Harrison 43404,140 Harrison 4
21-19827,21-1
Brainerd Hills3316,007 Brainerd Hills
3-2 KENTON6757,3-2 Kenton
Paw Paw7453,Paw Paw
Vonore Community Center6358,8
7-2 Stroudsville Church of Christ7558,07-2 Stroudsville
Robertsville0023,Robertsville
Ridgewood0613,4-4 Ridgewood
3-1 Bumpus Mills8403,3-1 Bumpus Mills
11-41853,4-Nov
Lusk0308,6-2 Lusk
31-21941,31-2
8-2 Vanbebber Springs1208,8-2 Vanbebber Sprngs
4-2 City Hall4104,4-2 City Hall
Forest Hill1414,Forest Hill
19 Leesburg9311,19 Leesburg
Marlow0017,Marlow
4 Collinwood City9411,4-1 Collinwood
13-1 Blanton's Chapel Community Center1512,13-1 Blanton's Chapel
3 Moore County Building6553,3 Moore County Bldg
Demory0615,1-2 Demory
5 Ramer6155,Ramer 5-4
20 CourtHouse2762,9 Courthouse
6-1 Burns Church of Christ2252,1-Jun
5 Morris Chapel3717,Morris Chapel 5-2
Westside Elementary School5555,Westside
27 Keystone9322,27 Keystone
9 Courthouse3703,Library 9-1
Woodbury0705,5-1 Woodbury
6 Shady4706,6 Shady
2 McPheeter's Bend3803,2 McPheeter's Bend
7 Church of Christ Annex2156,7-1 Church of Christ
7-19808,1-Jul
Voting Machine Whse. 27964,7-3 Walnut Grove
28-11929,28-1
4 Rogersville North Outside3820,4 Rogersville No Out
9 Fredonia7856,9 Fredonia
Pellissippi Campus0436,Pellissippi Campus
Lenoir City Outside5461,Lenoir City Outside
7B Recreation Center2864,7B Rec Center
I - Hurricane Hill2365,I2- Hurricane Hill
8-1 Krisle School7562,08-1 Krisle
10-11844,1-Oct
Recreation Center5357,3-1 Recreation Center
Big Lick1702,3 Big Lick
10B Sycamore7258,10B Sycamore
Cross Roads Community Center5556,Cross Roads
324872,32 Spring Hill
Smoky Mountain1405,Smoky Mountain
5-1 Greenbrier Church of Christ1005,5-1 Greenbrier
4 North Selmer6167,North Selmer 4-1
3 North East Selmer6153,Northeast 3-2
06-1 Caney Fork Electric Auditorium9209,6-1 Caney Fork
2 Moore County High School6551,2 High School
40 Rutherford2773,16 Rutherford
1B Prospect2851,1B Prospect
2 Fayette Corner2461,Fayette Corner
6-3 UTSI2664,6-3 UTSI
Kimball5755,Kimball
24-21913,24-2
Tinchtown2561,Tinchtown
14-1 Crawfish Valley5164,14-1 Crawfish Valley
A - Fowlkes2352,A2- Fowlkes
23 Woodland9313,23 Woodland
Murray Hills 13301,171 Murray Hills 1
"2-1 Ag Fair Complex, City9611",2-1 Ag Fair Complex
11-31852,3-Nov
24 Moore's Chapel2764,11-2 Moore's Chapel
2-2 Mansfield4102,2-2 Mansfield
Harold McCormick0912,Harold McCormick
2 Nixon3708,Nixon 2-1
1-13252,1-Jan
4 Meigs North6255,4 Meigs North
Davis5455,Davis
11-13267,1-Nov
32 Bradford2774,17-1 Bradford
7-1 Cumberland City8407,7-1 Cumberland City
02 Sitka Community Center2752,1-2 Sitka
Bakers1701,4 Bakers
East LaFollette0608,2-2 East LaFollette
10-13261,1-Oct
Fairview0010,Fairview
Northport1407,Northport
4-1 Kittrell Elementary School7656,1-Apr
North Chattanooga 13310,035 North Chattanooga 1
25-41921,25-4
Community Center2557,Community Center
924822,92 Gap Creek
Banner2552,Banner Springs
1A Polk County High School7152,1A Polk Co High
4-2 North Boulevard Church of Christ7657,2-Apr
Middle School3066,5 Middle School
E - Finley2359,E1- Finley
394802,39 Inskip Rec Center
Moccasin Bend3415,032 Moccasin Bend
68-E4851,68E East Cedar Bluff
9-2 Waldens Ridge7362,9-2 Waldens Ridge
6-2 Capitol Hill2663,6-2 Capitol Hill
Pittman Center 17951,11-2 Pittman Center
Renfro7468,Renfro
11-2 Hwy 56 N Church of Christ9219,11-2 Hwy 56 North
1 Delano Lions Club7151,1 Delano
3-2 Montezuma1103,3-2 Montezuma
Boonshill Community Center5352,2-1 Boonshill
Red Boiling Springs High School5551,Red Boiling Springs
Memphis 89-18236,Memphis 89-1
Nolachuckey3053,5 Nolachuckey
Central5051,Central 6
13 Fruitland2759,7-2 Fruitland
8 Lone Oak7852,8 Lone Oak
2-1 Big Rock8401,2-1 Big Rock
Brainerd3390,006 Brainerd
5B Agri-Park2860,5B Agri Park
2-1 Eno Community Center2256,1-Feb
08 Elmwood8307,08 Elmwood
5-2 Winfield7755,5-2 Winfield
29-21933,29-2
4-4 Springdale1215,4-4 Springdale
Calvary Baptist Fellowship Hall5361,5-1 Calvary
1-2 Sylvia Baptist Church2262,2-Jan
3-2 Huntland2654,3-2 Huntland
4-1 Family Life Center8402,4-1 Church Street
3 Wilson6858,3-3 Wilson
Gruetli3163,Gruetli-Laager
10-1 Centertown United Methodist Church9216,10-1 Centertown UMC
Maryville College0432,Maryville College
3-1 Madison Co Board of Ed.5677,3-1 Board of Educ
Campbell County High School0610,3-1 CCHS
1A Laurel4704,1A Laurel
5-1 Dayton North7357,5-1 Dayton North
3-1 Wolf Creek7354,3-1 Wolf Creek
6-1 Dayton West7358,6-1 Dayton West
Lucy 18098,Lucy 01
1B Cold Springs4708,1B Cold Springs
C - Trimble2356,C2- Trimble
1-1 Alexandria2158,1-1 Alexandria
2-2 TN City Fire Hall2257,2-Feb
Northgate 13408,194 Northgate 1
1-1 Bargerton4001,1-1 Bargerton
5-2 County Complex2157,5-2 County Complex
3-41814,4-Mar
24-11912,24-1
5-1 Visitors Center8405,5-1 Visitors Center
Lantana1712,5 Lantana
26 North Side9321,26 North Side
06 Tennessee Vocational Center1506,6 TN Vocational Center
6 Clarksburg0812,Clarksburg
Allardt2553,Allardt
Walland0426,Walland
2 Lake County Courthouse4952,2 Courthouse
8-3 Mifflin Road Fire Station5665,8-3 Mifflin
06 Humboldt Ch of Chr2754,2 Humboldt Church
4-2 Washburn Ele. School2951,2-Apr
17-1 Sowell5167,17-1 Sowell
Memphis 89-28237,Memphis 89-2
136458,13 Byrns Darden
01B Latham Vol. Fire Dept.9503,1B Latham
14 Parks2460,Parks
3-4 Pin Oak Fire Station #44007,3-3 Fire Station #4
3A Richland Trace Market2855,3A Richland Trace
"1-1 Sparta Civic Center, City9608",1-1 Sparta Civic
12-31856,3-Dec
Cordova 48077,Cordova 04
Memphis 87-48064,Memphis 87-4
Flintville Fire Hall5367,7-2 Flintville
2-3 Oakland4113,2-3 Oakland
10-1 Howards5160,10-1 Howards
5-1 Bean Station Library2960,1-May
2-2 Luttrell Elementary School9002,2-1 Luttrell
2-13253,1-Feb
Memphis 028102,Memphis 02
4B6472,4B WR Event Center
Jellico0621,5-3 Jellico
6 Southgate Fire Hall9412,6-2 South Gate
3-2 Evensville North7355,3-2 Evensville North
Memphis 53-18149,Memphis 53-1
18 First Christian Church1518,18 First Christian
Memphis 87-38231,Memphis 87-3
1-2 Compassion Church4404,1-2 Compassion Church
Memphis 16-18107,Memphis 16-1
02-3 East Bank4204,2-3 East Bank
1 Lewis Chapel7851,1 Lewis Chapel
1 Eastview6253,1 Eastview
07 South Carthage8306,07 South Carthage
27-11926,27-1
01A Palmersville Fire Station9501,1A Palmersville
8-2 Browns United Methodist Church5667,8-2 Browns
Pleasant Hill1718,8 Pleasant Hill
3-1 Huntsville7753,3-1 Huntsville
38 South Central9303,38 South Central
6-1 County Library8406,6-1 Public Library
414803,41 Norwood
Linary1713,3 Linary
Brown Elementary School6353,3
9-5 Independence High School9741,5-Sep
04-1 TSU Nursery Res. Center9206,4-1 TSU
3-1 Broadview2653,3-1 Broadview
8-2 Eagleville Community Center7666,2-Aug
01-1 Civic Center9201,1-1 Civic Center
7-1 Plainview Community Center9007,7-1 Plainview
1 Fall Branch9312,01 Fall Branch
Ripley 35057,Ripley 3
02-1 Courthouse9202,2-1 Courthouse
Ooltewah 23398,089 Ooltewah 2
274827,27 South Knox
2-1 EDDIE COX SR. CENTER6756,2-1 Eddie Cox Sr Ctr
Northwoods 13399,037 Northwoods 1
7-2 TN Technology Center5657,7-2 TN Tech Ctr
37 Lamar9308,37 Lamar
3 Wallace3811,3 Wallace
Philadelphia5454,Philadelphia
01 Ada Right Center1501,1 Ada Wright CC
12-1 TN National Guard Armory7675,1-Dec
Oakdale High 2-16652,2-1 Oakdale High
Hampton0916,Hampton
Sequatchie5762,Sequatchie
5-3 North Parkway School5655,5-3 North Parkway
05A Cookeville Community Center7261,5A Cookeville CC
Everett0413,Everett
Central Elementary School5559,Central
31 Milan Muni Bldg2770,15 Milan Municipal
3-11811,1-Mar
FNB Community Room5360,4-2 FNB
502 5 Points Museum0510,5-2 Museum
20 Coffee County Senior Citizens1520,20 Sr Citizens Center
Vandever1723,5 Vandever
18-1 E.O. Coffman5168,18-1 E. O. Coffman
10 Fairground3704,Fairground 10-1
25 Millennium Centre9318,25 Millennium
Coker Creek School6362,12
5 Hilham6851,5-1 Hilham
D-Bogota2357,D2- Bogota
DuPont 27960,10-3 DuPont
794820,79 Dora Kennedy
1-1 Collier House2263,1-Jan
Red Bank 13397,076 Red Bank 1
10 Mt. Ararat Baptist Church1509,10 Mt. Ararat
5-6 Wildwood4405,5-6 Wildwood
7-29809,2-Jul
4 Surgoinsville Inside3826,4 Surgoinsville In
5 Ten Mile6256,5 Ten Mile
22 Agri Plex2763,10 Agri-Plex
3 Lake County Middle School4953,3 Lake Co Middle
03-1 East Community Center4202,3-1 East CC
2B6478,2B St B CC
6-3 Malesus Community Center5660,6-3 Malesus
Mowbray3307,074 Mowbray
2-2 Friendship1101,2-2 Friendship
8-41840,4-Aug
505 Normandy Baptist Church0107,5-5 Normandy
Sunbright 5-16656,5-1 Sunbright
04 First Baptist Church1504,4 First Baptist
8-5 Lesters Fire Station5663,8-5 Lesters
07 Humboldt Park2755,3 Bailey Park
5C8507,5C
Keenburg0907,Keenburg
3B Campbellsville2856,3B Campbellsville
Macon County Junior High School5554,County Junior High
Eastside0704,4-1 Eastside
4-7 Big Ridge Elementary Sch.9005,4-1 Big Ridge
07D Twin Oak7268,7D Twin Oak
11 Freedonia Community Center1510,11 Fredonia
21 Wilson Avenue Church of Christ1521,21 Wilson Ave
1-1 Rutledge Middle School2953,1-Jan
5 Fairgrounds6855,5-2 Fairgrounds
Clarkrange2556,Clarkrange
5 Rogersville South Inside3804,5 Rogersville So In
08-1 Fairview Community Center9211,8-1 Fairview
9-13259,1-Sep
A - Bonicord2351,A1- Bonicord
Memphis 95-78257,Memphis 95-7
5-10 Sharps Chapel Elementary9009,5-1 Sharp Chapel
4 Surgoinsville Outside3821,4 Surgoinsville Out
Cordova 58078,Cordova 05
South Clinton0025,South Clinton
5 Gallaway2463,Gallaway
South Greene3077,5 South Greene
Walden3370,086 Walden
Crossroad2558,Crossroads
Newport Grammar School1406,Newport Grammar
20B6477,20B Barksdale
4B Odds Fellows Hall2858,4B Odd Fellows Hall
3B Neva4703,3B Neva
G - Courthouse2362,G- Courthouse
6-7 South McEwen4406,6-7 South McEwen
09-1 Morrison Ruritan Club9214,9-1 Morrison
2-3 WFCN4401,2-3 WFCN
Lupton City3380,029 Lupton City
Lancing 4-16658,4-1 Lancing
E - Lenox2360,E2- Lenox
Germantown 128095,Germantown 12
2-1 Clouds1213,2-1 Clouds
National Guard Armory5557,Armory
2-3 Tigrett School5672,2-3 Montessori
Unaka0919,Unaka
404 Union Elementary8610,4-4 Union
Grimsley2562,Grimsley
5 Chapel Hill7853,5 Chapel Hill
11-1 Summertown5161,11-1 Summertown
5 Doe Valley4705,5 Doe
Liberty5358,3-2 Liberty
8-1 Senior Citizens2267,1-Aug
Lakesite3338,071 Lakesite
434857,43 West Haven
7 City4707,7 City
Collegedale 13346,052 Collegedale 1
Big Springs0415,Big Springs
2-1 Loretto Civic Center5151,02-1 Loretto Civ Ctr
Chestnut Hill1703,6 Chestnut Hill
5-2 LaVergne Middle School7660,2-May
Dyllis7457,Dyllis
4 Crump3710,Crump 4-2
Santa Fe5954,Santa Fe 6-1
6 Choptack3813,6 Choptack
5-1 East Chester School1105,5-1 East Chester
Memphis 018101,Memphis 01
Macon County High School5553,County High School
424856,42 Pleasant Ridge
Tabor1721,4 Tabor
2 Meigs South6251,2 Meigs South
Blanche5354,1-1 Blanche
Eastside0910,Eastside
294826,29 Anderson
3 Church of God2153,3-1 Church of God
3 Counce3714,Counce 3-1
04 Rock City8301,04 Rock City
Willette Community Center5552,Willette
1-2 Cottage Grove4106,1-2 Cottage Grove
12-2 Greater Things Baptist Church2253,2-Dec
4-3 Courthouse2155,4-3 Courthouse
4-31819,3-Apr
Rally Hill5965,Rally Hill 11-1
14-51867,14-5
05 Hillsboro Community Center1505,5 Hillsboro
Court House3065,4 Courthouse
13 Jones Chapel Family Life6063,Jones Chapel
3 Benton Co. Courthouse0203,3 Camden City Hall
8-2 Old Swannsylvania School4611,8-2 Swannsylvania
334884,33 Richard Yoakley
07 Forrest Mill Church of Christ Activity Center1507,7 Forest Mill
Loudon Mt Zion5459,Loudon Mt Zion
02 Tanglewood8308,02 Tanglewood
1-2 Old Central Point School2952,2-Jan
19-11890,19-1
12-1 White Bluff Community Center2254,1-Dec
Parrottsville1419,Parrottsville
Northgate 23413,193 Northgate 2
Memphis 96-18259,Memphis 96-1
West Hills0026,West Hills
17-1 North Boulevard Church of Christ7686,17-1
801 Thomas School0110,8-1 Thomas
Maranatha5359,4-1 Maranatha
Cave Creek7451,Cave Creek
27-21927,27-2
Pine Valley0022,Pine Valley
01 Defeated8303,01 Defeated
Lookout Mountain3369,213 Lookout Mountain
5-2 Senior Citizens Center2959,2-May
1A Ardmore2854,1A Ardmore
2D Shiloh Baptist Youth Center7157,2D Shiloh Baptist
1-3 Old Pinewood School9703,3-Jan
Dallas 23321,172 Dallas 2
1 Waynesboro City9404,1 Waynesboro
2-3 Milton Fire Station7652,3-Feb
12B Algood Outside7254,12B Algood Outside
33 Telford9307,33 Telford
5 Benton Co. Courthouse0205,5 Library
West Hills Elementary5856,6 Parkview
1 Allandale Inside3824,1 Allandale Inside
05  Martin Church of Christ9508,5A Martin CoC
21-1 Hobgood Elementary School7695,21-1
38 Dyer2777,19-1 Dyer
Glenwood0012,Glenwood
8-31839,3-Aug
3-2 Vanleer Town Hall2259,2-Mar
2C South Polk School7156,2C South Polk
8-3 Owens Chapel Fellowship Hall7563,08-3 Owens Chapel
354881,35 Shannondale
4-1 FAIR GROUNDS6762,4-1 Fair Grounds
South Pittsburg5764,South Pittsburg
Whitwell5766,Whitwell
264809,26 Dogwood
Harriman Ward 17465,Harriman Ward 1
34 New Victory Church9316,34 New Victory
96452,9 Outlaw
12-29817,2-Dec
"4-2 Bondecroft School, County9606",4-2 Bondecroft
2 Allons6852,2-1 Allons
H - E. Dyersburg2363,H- E. Dyersburg
4-5 Safe Room4402,4-5 NJMC
32 Cherokee Outside9301,32 Cherokee Out
South Harriman7464,South Harriman
3-1 Blaine City Hall2955,1-Mar
18-1 Patterson Park Community Center7689,18-1
28 Cumberland Presbyterian Church2767,12 Milan CPC
7-1 Lawrenceburg Public5157,07-1 Lawrenceburg
03 Trinity Baptist Church1503,3 Trinity
2-4 College Grove Community Center9708,4-Feb
5-4 HORNBEAK6754,5-4 Hornbeak
4 Camden Elementary School0202,4 Camden Elementary
3-13254,1-Mar
2 Camden High School0201,2 Camden Jr High
6-1 Oneida7756,6-1 Oneida
Ballplay Fire Dept6363,14
4-2 Cowan2657,4-2 Cowan
Macon County Welcome Center5558,Welcome Center
Clinton High0006,Clinton High
Memphis 68-18179,Memphis 68-1
874817,87 Thorngrove
102 Bell Buckle/Webb School0102,1-2 Bell Buckle
3-3 Jackson Center for Ind. Living5678,3-3 J-CIL
1-1 Fairview7754,1-1 Fairview
Woodland0703,3-2 Woodland
McDonald3054,6 McDonald
Sale Creek3319,080 Sale Creek
7 Cherokee3801,7 Strahl/Cherokee
9-31843,3-Sep
14 Bowmantown6309,14 Bowmantown
18 Fairmont9323,18 Fairmont
Baileyton3067,1 Baileyton
07-1 Friendship The Baptist Church9210,7-1 Friendship
7 St. Clair3816,7 St. Clair
9-23260,2-Sep
Riverside5967,Riverside 1-1
13-1 West End5163,13-1 West End
Jones Cove 17952,1-3 Jones Cove
High School3061,7 High School
6 Mooresburg3817,6 Mooresburg
21 Bethel0809,Bethel College
North Clinton0019,North Clinton
824816,82 Ellistown
3-2 Indian Ridge Comm. Blg.2954,2-Mar
Lewisburg Gas Dept.5858,8 Lewisburg Gas
6-6 Paulette Elementary School9006,6-1 Paulette
Fairview7469,Fairview
33-21949,33-2
10th Jefferson City Fire Dept4605,10 Jeff City Fire Dp
Eureka7467,Eureka
604 Black Fox School0503,6-4 Black Fox
West Pines3076,1 West Pines
6 Big Sandy School0206,6 Big Sandy
12-41857,4-Dec
Mayland1714,7 Mayland
4-1 Crossroads Fire Hall5152,04-1 Crossroads
12 North Coffee Elementary School1511,12 North Coffee
Harrison 53337,180 Harrison 5
14 Hickerson Fire Hall1514,14 Hickerson
Powells Crossroads5760,Powells Crossroad
25-29833,25-2
4A Lynnville2857,4A Lynnville
116456,11 Northwest
Collegedale 43344,204 Collegedale 4
11B Cookeville High School7251,11B Cookeville High
New Center 17955,3-1 New Center
1-1 Puryear4101,1-1 Puryear
6-2 Mt. Sharon C.P. Church7556,06-2 Mt. Sharon
Westview 33385,096 Westview 3
04-1 Lake Benson Camp4203,4-1 Lake Benson
05 Gordonsville8304,05 Gordonsville
15-21869,15-2
15-1 David Crockett5165,15-1 David Crockett
6-2 Porter Community Center2251,2-Jun
10 Rossville2455,Rossville
Jacksboro0609,4-3 Jacksboro
9 Huntingdon Police Station0807,Huntingdon
Summit 33388,203 Summit 3
2-4 WOODLAND6753,2-4 Woodland
701 Deery Eakin School0109,7-1 Deery Eakin
Hampshire5962,Hampshire 7-2
11-1 Tennsco Community Center2266,1-Nov
Forest Hills 18082,Forest Hills 01
West End5958,West End 1-2
9 Piperton2454,Piperton
1 Holladay School0204,1 Holladay
5A TCAT2859,5A TCAT
12-19816,1-Dec
Tracy3156,Tracy City
4-3 Sycamore Middle School1008,4-3 Sycamore
Notchey Creek Fire Dept6359,9
804813,80 Corryton
Homestead1711,3 Homestead
Hendrix Creek0013,Hendrix Creek
14 EK Baker School6059,E K Baker
2A Minor Hill2853,2A Minor Hill
03 New Middleton8302,03 New Middleton
Halls 85063,Halls 8
Friendsville0416,Friendsville
East Ridge 23306,054 East Ridge 2
27-31928,27-3
Glendale5457,Glendale
3-1 Ebenezer Baptist Church7560,03-1 Ebenezer
7-8 CCC4407,7-8 North McEwen
High School8901,High School
2-2 Aldersgate United Methodist Church5673,2-2 Aldersgate
Oak Hills7458,Oak Hills
01 N. E. Covington8708,1-1 NE Covington
10-2 Liberty Elementary School9733,2-Oct
Memphis 95-68256,Memphis 95-6
404806,40 Norwood
15 Mountain View School6061,Mountain View
10 Pavilion7257,10A Pavilion
22-11903,22-1
West Bolivar3604,West Bolivar
1-1 Spring City North7351,1-1 Spring City North
9-19811,1-Sep
10-41847,4-Oct
Culleoka5969,Culleoka 8-2
1B Chilhowee Middle Sch. Gym7153,1B Chilhowee
34-41956,34-4
LaFollette Elementary School0607,2-3 LaFollette ES
Love Chapel8902,Love Chapel
30 Grace Fellowship Church9317,30 Grace
10-31846,3-Oct
24-Q4833,24Q Sequoyah Hills
Miser Station0421,Miser Station
08 New Union Fire Hall1508,8 New Union
Centerview1403,Centerview
603 Waterville School0513,6-3 Waterville
08F Cornerstone Middle7269,8F Cornerstone
Broad Street School6352,2
D - Millsfield2358,D1- Millsfield
1-1 Union County High School9003,1-1 UCHS
6-1 South Side High School5682,6-1 South Side
Woody1724,7 Woody
764818,76 Sunnyview
15 Grace Baptist Church1515,15 Grace Baptist
Rockford0406,Rockford
1 Somerville2465,Somerville City
564890,56 Heiskell
06-1 Justice Center4209,6-1 Justice Center
26-21923,26-2
04A Burks Middle School7262,4A Burks
Court House0906,Courthouse
106454,10 Minglewood
Orchard View7459,Orchard View
Edwina1409,Edwina
4-1 Evensville South7356,4-1 Evensville South
9-4 Grace Chapel Church9731,4-Sep
33-31950,33-3
2-2 Grainger High School2958,2-Feb
6-13256,1-Jun
5-2 Vo-Tech4109,5-2 TN Tech Center
Stuart Heights3376,198 Stuart Heights
Norwood0020,Norwood
Ottway3080,1 Ottway
2 Adamsville6151,Adamsville 2-1
12 North City School6054,North City
Middleton3605,Middleton
"6-2 Cassville School, County9601",6-2 Cassville
29-41935,29-4
8-1 Old Chestnut Hill School4609,8-1 Chestnut Hill
8 Elba2453,Elba
05 Rogers Creek School6058,Rogers Creek
Caryville0602,4-1 Caryville
8 Boones Creek West9336,08 B.C. West
Belfast5853,3 Belfast
McKnight Center5859,9 McKnight Center
Memphis 67-38178,Memphis 67-3
11-2 Robert Ring Indoor Soccer Complex9736,2-Nov
12-11854,1-Dec
3-2 New Tazewell1206,3-2 New Tazewell
2-1 Spring City South7353,2-1 Spring City South
Fayetteville CPC5363,6-1 Fayetteville CPC
4-1 Helenwood7752,4-1 Helenwood
2-1 Henry4108,2-1 Henry
8-2 Estill Springs2668,8-2 Estill Springs
16-1 Central Magnet School7683,16-1
8-1 New Prospect5158,08-1 New Prospect
5-1 TN Technology Center4004,5-5 TN Tech Center
Collierville 78074,Collierville 07
Cosby1410,Cosby
3-4 RIVES6761,3-4 Rives
364880,36 Gresham
254831,25 South Knox CC
5 Rogersville South Outside3815,5 Rogersville So Out
William Blount High0417,William Blount HS
13 Stratton9325,13 Stratton
Oak Hill1716,4 Oak Hill
4-1 Civic Center4011,4-6 Civic Center
Wartburg 3-16654,3-1 Wartburg
Rockwood Ward 27472,Rockwood Ward 2
23-21908,23-2
1-5 The Church of Spring Hill9742,5-Jan
14-11863,14-1
Greenback5456,Greenback
Morning Sun 018262,Morning Sun 01
7 Michie6157,Michie 7-1
101 Wartrace Baptist Church0101,1-1 Wartrace
Rock Creek8906,Rock Creek
26-31924,26-3
166470,16 New Providence
Memphis 668176,Memphis 66
24-61917,24-6
Coalfield 1-16651,1-1 Coalfield
25-21919,25-2
16 Lions Club1516,16 Lion's Club
Tyner 13309,046 Tyner 1
Memphis 45-48139,Memphis 45-4
Chilhowee View0425,Chilhowee View
Recreation Center5855,5 Recreation Center
11 Indian Trail9324,11 Indian Trail
Central0902,Central
09 Dresden First United Methodist Church9504,9A Dresden
Underwood 17970,8-3 Underwood
Eads8081,Eads
1 Livingston6853,1 Livingston
Valley Forge0911,Valley Forge
Morning Sun 028263,Morning Sun 02
Theta5952,Theta 6-3
25-11918,25-1
16-3 Lane Agri-Park7685,16-3
301 Lee University0509,3-1 Lee University
15-31870,15-3
12-2 Smyrna Elementary School7676,2-Dec
23-31909,23-3
Westside0701,1-1 Westside
8 North3705,North 8-1
Beech Grove0410,Beech Grove
5-1 HC High School4105,5-1 Henry Co High
Memphis 95-58255,Memphis 95-5
"5-1 Doyle Civic Center Hall, County9603",5-1 Doyle Civic
7-1 North Lake2665,7-1 North Lake
902 Southside School0111,9-2 Southside
7C8509,7C
7-2 Winchester Springs & Center Grove2666,7-2 CG/Winchester Springs
Valley View0604,1-4 Valley View
9-3 Three Way City Meeting Room5670,9-3 Three Way
10-23262,2-Oct
12A Algood Inside7252,12A Algood Inside
126457,12 Ringgold
Townsend0401,Townsend
4-3 Festivities Events Place5675,4-3 Festivities
854814,85 Skaggston
Senior Citizens 27962,5-2 Senior Center
4-1 Jackson Chapel2260,1-Apr
Neapolis5971,Neapolis 5-2
Emory Valley0009,Emory Valley
Memphis 95-18252,Memphis 95-1
1103 Millersville Community Center8625,11-3 Millersville
9-1 Restoration Church2264,1-Sep
Signal Mountain 23402,200 Signal Mountain 2
Memphis 46-28141,Memphis 46-2
High School0905,High School
7-1 Pomona Baptist Church2255,1-Jul
Tiger Valley0918,Tiger Valley
Madisonville Primary School6356,6
5-1 White Bluff Civic Center2261,1-May
2-1 Westover4005,2-15 Westover
3-1 Russwood4112,3-1 Russwood
Memphis 81-78222,Memphis 81-7
23-41910,23-4
9B8524,9B
Jacksboro Station0611,3-2 Jacksboro Sta
DuPont3335,189 DuPont
8-4 Crescent Church of Christ7668,4-Aug
03 Greenfield First Baptist Church9507,3A Greenfield
08 Martin First United Methodist Church9505,8A Martin FUMC
Cornersville5852,4 Cornersville
403 Cottontown Fire Hall8627,4-3 Cottontown
164883,16 Larry Cox Sr Center
Loudon Outside5452,Loudon Outside
176466,17 Grace
5-1 Cedar Grove Elementary School7659,1-May
864815,86 Carter
B - Newbern2353,B- Newbern
65-N4845,65N Concord North
Henry Horton State Park5851,2 Henry Horton Park
Lawnville7452,Lawnville
Snowhill 13362,170 Snowhill 1
Pomona1719,8 Pomona
Louisville0423,Louisville
Spring Hill Middle5970,Spring Hill MS 6-2
05C Prescott South7267,5C Prescott South
Kingston Ward 27462,Kingston Ward 2
16-31875,16-3
Catlettsburg 27966,7-2 Catlettsburg
Oak Street0412,Oak Street
4-1 West Chester School1102,4-1 West Chester
11A Bangham7253,11A Bangham
7-1 West Oneida7757,7-1 West Oneida
Maryville Municipal0414,Maryville Municipal
501 First Baptist Gallatin8609,5-1 FB Gallatin
Bigbyville5968,Bigbyville 9-1
6-1 Harrogate1204,6-1 Harrogate
Waldens Creek 27959,2-2 Waldens Creek
1101 Beech High School Annex8624,11-1 Beech
24-19831,24-1
11B8523,11B
24 Henry Johnson9320,24 Henry Johnson
101 McDonald Ruritan0501,1-1 McDonald
5 Boones Creek East9332,05 B.C. East
35-41961,35-4
Memphis 67-18177,Memphis 67-1
Lanier0418,Lanier
7-1 Arthur1201,7-1 Arthur
Memphis 91-28242,Memphis 91-2
6 Courthouse SE6156,Courthouse SE 6-1
3-2 White House Heritage HS7553,03-2 Heritage
02 Gleason Community Building9502,2A Gleason
4-1 West Cheatham Elementary1002,4-1 West Cheatham
Lincoln Community Center5369,8-1 Lincoln
Germantown 088091,Germantown 08
Westside0904,Westside
25-31920,25-3
25-19832,25-1
Memphis 95-88258,Memphis 95-8
444855,44 Ridgedale
2 Harmony9340,02 Harmony
8-1 Garrison7360,8-1 Garrison
Concord 43342,181 Concord 4
29 Fairhaven Inside9315,29 Fairhaven Inside
Glen Alpine0011,Glen Alpine
1-1 Tazewell1210,1-1 Tazewell
07 Martin Shepardsfield Church9509,7A Martin Shepherd's
Lakeland 28097,Lakeland 02
14-21864,14-2
Fairmount3371,067 Fairmount
11-1 Westside School7567,11-1 Westside
34-51957,34-5
186463,18 Hazelwood
31-31942,31-3
Porter0429,Porter
Chapel Hill5854,1 Chapel Hill
22-21904,22-2
514836,51 Deane Hill Rec Ctr
19-19825,19-1
502 Guild Elementary8608,5-2 Guild
34-11953,34-1
8 Civic Center0805,Civic Center
Heritage0424,Heritage
6-1 TROY SENIOR CENTER6760,6-1 Troy Sr Ctr
11-1 Smyrna Middle School7673,1-Nov
Fairview0433,Fairview
04 Englewood School6051,Englewood
8-3 Lebanon Campground Church7667,3-Aug
6-1 Coopertown Middle School7557,06-1 Coopertown
6th Rush Strong School4607,6 Rush Strong
Brunswick 18065,Brunswick 01
Loudon5453,Loudon
Memphis 96-28079,Memphis 96-2
Memphis 648174,Memphis 64
13-31861,13-3
604811,60 Fort Sumter
Memphis 68-38180,Memphis 68-3
Memphis 44-18133,Memphis 44-1
4th Jefferson Elementary School4602,4 Jefferson ES
Lake City Middle School0016,Lake City MS
East Ridge 33313,055 East Ridge 3
Andersonville0001,Andersonville
Complex 21704,2 Complex 2
Ganns3352,070 Ganns
5-13255,1-May
Roan Mountain0915,Roan Mountain
13-1 Bellwood-Bowdoin Pre-School7677,13-1
3-3 Jones Chapel4103,3-3 Jones Chapel
Maryville Junior High0404,Maryville Jr High
Memphis 81-18217,Memphis 81-1
Collierville 88075,Collierville 08
6C8508,6C
06A Cane Creek7264,6A Cane Creek
15-11868,15-1
East Ridge 43327,056 East Ridge 4
04 Sharon First Baptist Church9506,4A Sharon
602 Gallatin Sr. High School8618,6-2 Gallatin HS
Middle Valley 13429,188 Middle Valley 1
20-31898,20-3
934823,93 Hopewell
Germantown 068090,Germantown 06
Gap Creek0917,Gap Creek
3-3 Chapman's Retreat Elementary School9711,3-Mar
Doak3069,3 Doak
"3-1 Ag Fair Complex, County9607",3-1 Ag Fair Complex
7-1 Frazier7359,7-1 Frazier
11 McMinn Courthouse6052,Courthouse
35-11958,35-1
4-1 Masonic Temple Lodge #455676,4-1 Masonic Lodge
9-1 Walnut Grove Elementary School9728,1-Sep
8-1 Grassland Middle School9725,1-Aug
Memphis 80-28216,Memphis 80-2
10-1 First Baptist Church2265,1-Oct
Soddy Daisy 23334,084 Soddy Daisy 2
5-2 Pegram City Hall1007,5-2 Pegram
1001 Walton Ferry Elementary8621,10-1 Walton Ferry
Prospect0405,Prospect
21B6462,21B Hilldale
11-2 StewartsboroElementary School7674,2-Nov
Debusk3059,5 Debusk
4C8514,4C
Carpenters0434,Carpenters
1A6467,1A St B ES
Unicoi8904,Unicoi
7-1 Jo Byrns Elementary School7559,07-1 Jo Byrns
1-1 LaVergne Lake Elementary School7651,1-Jan
Memphis 81-38219,Memphis 81-3
Memphis 55-28154,Memphis 55-2
502 Flat Creek Community Center0106,5-2 Flat Creek
6-1 Broad Street4003,6-8 Broad Street
Claxton0004,Claxton
18-2 Riverdale High School7690,18-2
Memphis 548152,Memphis 54
Armory5953,Armory 7-1
Clinton0005,Clinton
"7-1 Northfield School, County9604",7-1 Northfield
Collierville 58072,Collierville 05
9-1 Robertson County Fair Assoc.7564,09-1 Fair Assoc.
06 Riceville School6057,Riceville
J-N Dyersburg2366,J- North Dyersburg
Caton's Chapel 17953,1-1 Caton's Chapel
John Sevier0430,John Sevier
11-1 Franklin Elementary School9735,1-Nov
146465,14 Glenellen
Election Commission6355,5
1-1 FC Annex2651,1-1 Annex
23-11907,23-1
3 Carter's Valley3808,3 Carter's Valley
Vonore Elementary School6354,4
464838,46 1st Nazarene
8B8525,8B
Cordova 38076,Cordova 03
First Family5960,First Family 2-1
ARL-028052,Arlington 02
Bakewell 23329,183 Bakewell 2
5B8512,5B
Tusculum View3063,3 Tusculum View
Memphis 91-18241,Memphis 91-1
Wearwood 27958,2-1 Wearwood
15-19820,15-1
Tansi1722,5 Tansi
Chuckey Doak3072,2 Chuckey Doak
554853,55 Lonas
Westview 13387,064 Westview 1
1-1 SOUTH FULTON6751,1-1 South Fulton
Bull Run0003,Bull Run
7-13257,1-Jul
7-2 OBION CO. LIBRARY6752,7-2 Obion Co Library
7 Gray West9338,07 Gray West
15-2 Northfield Elementary School7682,15-2
07A Burgess Falls7263,7A Burgess Falls
Tellico Village North5465,Tellico V. North
11-11850,1-Nov
601 Valley View School0511,6-1 Valley View
9th Talbott Elementary School4610,9 Talbott School
02A Northeast Elementary7255,2A Northeast
East Ridge 13314,053 East Ridge 1
7th New Market City Hall4608,7 New Market
Bartlett 068057,Bartlett 06
10-3 North Side High School5669,10-3 North Side
14-13265,14-1
Hunter0908,Hunter
9-2 Benton Hall School9729,2-Sep
2-5 Conduit Church9743,5-Feb
22-31905,22-3
Glenwood3084,7 Glenwood
4 Rickman6857,4-2 Rickman
10-1 South Haven Christian School7565,10-1 South Haven
1-1 Cheatham Co Library1004,1-1 County Library
02 Etowah Community Center6064,Etowah
13-2 Cason Lane Academy7678,13-2
Sequoyah High School6357,7
6-19807,1-Jun
203 Wiseman Elementary8613,2-2 Wiseman
2-3 Oakview Elementary School9707,3-Feb
22-19829,22-1
10-1 Rock Springs Elementary School7671,1-Oct
12-1 Franklin Community of Faith Church9738,1-Dec
Oak View0402,Oakview
Blount County Board of Education0403,Board of Education
Hixson 33354,101 Hixson 3
21-2 BlackFox Elementary School7696,21-2
10B8505,10B
702 Cleveland High0507,7-2 Cleveland High
303 Uniounville Fire Hall0104,3-3 Unionville
6A6460,6A Cumberland
1-11801,1-Jan
744885,74 Shannondale
12-13263,1-Dec
10-3 Hunter's Bend Elementary School9734,3-Oct
Alcoa High School0408,Alcoa
8-13258,1-Aug
2-1 Bethesda Recreation Center9705,1-Feb
3-2 Old Jefferson Church of Christ7655,2-Mar
20A6469,20A Clarksville
Boyd's Creek 27967,10-1 Boyds Creek
7-1 New Heights Chapel7663,1-Jul
11 Macon2456,Macon
East Brainerd 13384,017 East Brainerd 1
2C8516,2C
10 Lakeridge9333,10 Lakeridge
Mt. Pleasant5961,Mt. Pleasant 10-1
Red Bank 33351,078 Red Bank 3
894829,89 Mt. Olive
16-19822,16-1
Lenoir City5460,Lenoir City
01A Capshaw7266,1A Capshaw
19-2 New Vision Baptist Church7692,19-2
Ooltewah 13361,060 Ooltewah 1
5th Jefferson Middle School4606,5 Jefferson Middle
7-2 Baptist Children's Home9723,2-Jul
Bartlett 118060,Bartlett 11
17-19823,17-1
4-19804,1-Apr
Chuckey3073,2 Chuckey
1-2 Fairview Recreation Center9702,2-Jan
Browder5462,Browder
3-2 Longview Recreation Center9710,2-Mar
8-19810,1-Aug
34-31955,34-3
Westview 23386,091 Westview 2
Harrison 33381,098 Harrison 3
Memphis 91-48080,Memphis 91-4
13-13264,13-1
10-2 Lifepoint Church7672,2-Oct
Germantown 108093,Germantown 10
Bartlett 138063,Bartlett 13
63-N4849,63N Karns North
Collierville 28069,Collierville 02
19-1 Creekmont General Baptist Church7691,19-1
Jasper5754,Jasper
624844,62 Hardin Valley
4A6461,4A MCMS
403 Bedford Community Center0105,4-3 Bedford
6-3 Holy Family Catholic Church9721,3-Jun
2-19802,1-Feb
101 Westmoreland Middle8632,1-1 Westmoreland
20  Visitor's Center9327,20 Visitor's Center
5-1 Sunset Elementary School9715,1-May
69-W4896,69W A. L. Lotts
2-1 Clark Memorial2652,2-1 Clark Memorial
Germantown 038087,Germantown 03
Harrisburg 27954,3-2 Harrisburg
203 Fairhaven Baptist Church0103,2-3 Fair Haven
6-2 Brentwood Safety Center9720,2-Jun
Tellico Community Center6361,11
Apison 13347,050 Apison 1
10-19814,1-Oct
31-41943,31-4
9 Boones Creek City9334,09 B.C. City
2nd Piedmont Elementary School4601,2 Piedmont
58-S4891,58S Pedigo
12-3 The Gate Community Church9740,3-Dec
Mosheim3082,6 Mosheim
5-3 Triune Baptist Church9717,3-May
Maryville High School0420,Maryville HS
3A8503,3A
03 S.E. Covington8705,2-3 SE Covington
Brunswick 28066,Brunswick 02
10-2 North East School5668,10-2 North East
East Brainerd 23311,104 East Brainerd 2
1-1 Westwood Elementary School9701,1-Jan
103 Corinth Church of Christ8636,1-3 Corinth
1A8504,1A
09B Double Springs7265,9B Double Springs
CP Church5957,CP Church 5-1
602 Blue Springs School0515,6-2 Blue Springs
Mountain Creek 13350,033 Mountain Creek 1
Dallas 13339,185 Dallas 1
Collierville 68073,Collierville 06
202 Portland High School8614,2-1 Portland
1-19801,1-Jan
2A6464,2A St B MC
69-N4840,69N West Valley
Bartlett 038054,Bartlett 03
801 Brown Elementary8619,8-1 Brown
4-3 Oakland Middle School7658,3-Apr
684850,68 South Cedar Bluff
1st Dandridge Elementary School4604,1 Dandridge ES
7B8518,7B
17 Towne Acres9330,17 Town Acres
4-41820,4-Apr
01 City Park School6060,City Park
11-21851,2-Nov
Gatlinburg 27956,11-1 Gatlinburg
Millington 28261,Millington 02
Signal Mountain 13365,207 Signal Mountain 1
Kingston Ward 17456,Kingston Ward 1
21 W. Wilkinsville8701,8-21 Wilkinsville
13-19818,13-1
501 Blythe/Bower School0514,5-1 Blythe/Bower
474837,47 Bearden High
5-1 Greenbrier High School7555,05-1 Greenbrier
802 Hawkins Middle School8631,8-2 Hawkins
19 Austin Peay8703,7-19 Austin Peay
2B8517,2B
1-1 East Robertson Elementary School7551,01-1 East Robertson
69-S4839,69S Northshore
23-19830,23-1
Bear Creek5966,Bear Creek 8-1
Happy Valley0901,Happy Valley
Tellico Village South5464,Tellico V. South
Hixson 23355,088 Hixson 2
Sweetwater High School6351,1
4B8515,4B
5-4 Nolensville Baptist Church9718,4-May
10-1 Franklin Recreation Complex9732,1-Oct
8-3 Episcopal Church9727,3-Aug
Pleasant Heights5964,Pleasant Heights 9-2
Harrison 23341,090 Harrison 2
15-1 John Pittard Elementary7681,15-1
3 Gray East9335,03 Gray East
103 Hopewell School0517,1-3 Hopewell
Middle School 27963,5-1 Sevierville
Lookout Valley 13326,048 Lookout Valley 1
2-1 Lascassas Elementary School7698,1-Feb
12-21855,2-Dec
374879,37 Inskip Elementary
5-2 Nolensville Methodist Church9716,2-May
14-19819,14-1
Bartlett 048055,Bartlett 04
14 Southwest Tipton8706,6-14 SW Tipton
3-1 Leanna Church of Christ7654,1-Mar
4-1 Watauga Elementary School7554,04-1 Watauga
Birchwood3322,051 Birchwood
1 Mount Carmel3809,1 Mount Carmel
2-1 Robert F. Woodall Elementary School7552,02-1 Woodall
7 Hickory White2452,Hickory Withe
08 Niota School6053,Niota
4-3 Franklin Christian Church9714,3-Apr
9-1 VFW5680,9-1 VFW
Bartlett 058056,Bartlett 05
Memphis 578157,Memphis 57
11-3 Winstead Elementary School9737,3-Nov
22 Brighton8702,9-22 Brighton
6-1 Harpeth High School1006,6-1 Harpeth
Snowhill 23359,179 Snowhill 2
2-2 Wilson Elementary School7653,2-Feb
Cornerstone Baptist Church1705,1 Cornerstone
844808,84 Ritta
18-19824,18-1
904824,90 South Doyle
6-2 Christiana Middle School7662,2-Jun
Fairfield Glade North1708,9 Fairfield North
9-2 Pope Elementary School5681,9-2 Pope
Collierville 98271,Collierville 09
Camp Creek3052,4 Camp Creek
2-1 East Cheatham Elementary1001,2-2 East Cheatham
Ooltewah 43363,205 Ooltewah 4
Millington 18260,Millington 01
4-2 Millview Church of Christ9713,2-Apr
401 Oak Grove School0512,4-1 Oak Grove
454854,45 Bearden Middle
9-2 Browns Chapel Elementary School7670,2-Sep
4-1 Prairie Life Fitness Center9712,1-Apr
St. Catherine5956,St. Catherine 4-1
4-11817,1-Apr
35-31960,35-3
7-3 New Hope Community Church9724,3-Jul
69-E4807,69E Bluegrass
303 Creekside Fellowship8607,3-3 Creekside
Collierville 38070,Collierville 03
8-1 Rockvale Middle School7665,1-Aug
Highland Park5458,Highland Park
1102 Church of the Nazarene8623,11-2 Goodlettsville
Soddy Daisy 13328,083 Soddy Daisy 1
Kodak 17969,8-1 Kodak
724888,72 Dante
Eagleton Cafeteria0431,Eagleton MS Cafeteria
901 Hendersonville High School8603,9-1 Hendersonville
2A8501,2A
7A8519,7A
Germantown 118094,Germantown 11
Germantown 028086,Germantown 02
3-19803,1-Mar
644846,64 Solway
06 Tipton West8704,3-6 Tipton West
6 Sulphur Springs9339,06 Sulphur Springs
5-19806,1-May
Bartlett 098053,Bartlett 09
301 Gallatin Civic Center8635,3-1 Civic Center
3-1 Pleasant View City Hall1003,3-1 Pleasant View
9-1 Stewarts Creek Elementary School7669,1-Sep
14-1 Siegel Middle School7679,14-1
Collierville 48071,Collierville 04
6-1 Whitworth-Buchannan Middle School7661,1-Jun
01 Medina2751,1-1 Medina
Pleasant Grove 13353,075 Pleasant Grove 1
Fairfield Glade South1709,9 Fairfield South
1002 Merrol Hyde Magnet School8633,10-2 Merrol Hyde
Stewartville8270,Stewartville
2-2 Thompson Station Baptist Church9706,2-Feb
12 Munford8707,5-12 Munford
7-2 Barfield Elementary School7664,2-Jul
3rd White Pine School4603,3 White Pine
8-2 First Presbyterian Church9726,2-Aug
674852,67 North Cedar Bluff
70-W4847,70W Ball Camp
Germantown 058089,Germantown 05
302 Senior Center0506,3-2 Senior Center
15 Courthouse9310,15 Courthouse
2 Church Hill Inside3825,2 Church Hill Inside
603 Jack Anderson Elementary8602,6-3 Jack Anderson
76455,7 Woodlawn
202 Walker Valley High0505,2-2 Walker Valley
6B8521,6B
6-1 Brentwood Library9719,1-Jun
3-1 Heritage Elementary School9709,1-Mar
Germantown 048088,Germantown 04
701 Stuart School0502,7-1 Stuart
12-2 The Church of the City-Franklin9739,2-Dec
5A8513,5A
10A8522,10A
20-2 Blackman High School7694,20-2
1201 Oakmont Elementary8612,12-1 Oakmont
1203 White House Middle School8626,12-3 White House
9-3 Westhaven Clubhouse9730,3-Sep
14-2 Siegel Elementary School7680,14-2
Eatons5463,Eaton
402 Michigan Ave School0508,4-2 Michigan Ave
401 Howard Elementary School8611,4-1 Howard
196471,19 Oakland
9A8511,9A
Seymour Primary Sch. 27965,9-1 Seymour Primary
11-19815,1-Nov
714835,71 Rocky Hill
20-1 Blackman United Methodist Church7693,20-1
Bartlett 088058,Bartlett 08
Collierville 18068,Collierville 01
701 Whitten Elementary8622,7-1 Whitten
Montvale0427,Montvale
70-E4828,70E Amherst
6 Oakland2451,Oakland
Spring Hill5951,Spring Hill 11-2
102 Prospect School0516,1-2 Prospect
156468,15 Sango
ARL-018051,Arlington 01
902 Indian Lake Elementary8620,9-2 Indian Lake
8A8510,8A
11 Atoka8709,4-11 Atoka
7-1 Brenthaven Church9722,1-Jul
William Blount Academy0419,Wm Blount Academy
65-E4841,65E Shoreline
594887,59 Brickey
Seymour Intm.Sch. 27968,6-1 Seymour
11A8506,11A
601 Vol State College8601,6-1 Vol State
634848,63 Karns
Lakeland 18096,Lakeland 01
65-W4897,65W Concord
Pigeon Forge 27957,4-1 Pigeon Forge
36453,3 East Montgomery
201 E.L. Ross School0504,2-1 E.L. Ross
703 Long Hollow Baptist Church8628,7-3 Long Hollow
814812,81 Gibbs
6A8520,6A
734892,73 Powell
4A8502,4A
66-S4842,66S Farragut II
66-N4805,66N Farragut I
614886,61 Halls
