vest_ID,election_ID,
Anderson-Clinton Middle School,Anderson-Clinton Middle,
Anderson-Lake City Middle School,Anderson-Lake City MS,
Anderson-Oak Ridge City Hall,Anderson-Oak Ridge,
Bedford-101 Wartrace Baptist Church,Bedford-1-1 Wartrace,
Bedford-102 Bell Buckle/Webb School,Bedford-1-2 Bell Buckle,
Bedford-203 Fairhaven Baptist Church,Bedford-2-3 Fair Haven,
Bedford-303 Unionville Fire Hall,Bedford-3-3 Unionville,
Bedford-403 Bedford Community Center,Bedford-4-3 Bedford,
Bedford-502 Flat Creek Community Center,Bedford-5-2 Flat Creek,
Bedford-505 Normandy Baptist Church,Bedford-5-5 Normandy,
Bedford-601 East Side School,Bedford-6-1 East Side,
Bedford-701 Deery Eakin School,Bedford-7-1 Deery Eakin,
Bedford-801 Thomas School,Bedford-8-1 Thomas,
Bedford-902 Southside School,Bedford-9-2 Southside,
Benton-1 Holladay School,Benton-1 Holladay,
Benton-4 Camden Elementary School,Benton-4 Camden Elementary,
Benton-5 Camden Public Library,Benton-5 Library,
Benton-6 Big Sandy School,Benton-6 Big Sandy,
Bledsoe-Bellview,Bledsoe-5-1 Bellview,
Bledsoe-Brayton,Bledsoe-3-1 Brayton,
Bledsoe-Cold Springs,Bledsoe-2-1 Cold Springs,
Bledsoe-Dill,Bledsoe-1-1 Dill,
Bledsoe-Griffith,Bledsoe-1-2 Griffith,
Bledsoe-Lee Station,Bledsoe-6-1 Lee Station,
Bledsoe-Luminary,Bledsoe-2-2 Luminary,
Bledsoe-Lusk,Bledsoe-6-2 Lusk,
Bledsoe-Mt. Crest,Bledsoe-1-3 Mt. Crest,
Bledsoe-Nine Mile,Bledsoe-5-2 Nine Mile,
Bledsoe-Pikeville,Bledsoe-4-1 Pikeville,
Bledsoe-Rigsby,Bledsoe-3-2 Rigsby,
Blount-Alcoa High School,Blount-Alcoa,
Blount-Eagleton Cafeteria,Blount-Eagleton MS Cafeteria,
Blount-Maryville High School,Blount-Maryville HS,
Blount-Maryville Junior High,Blount-Maryville Jr High,
Blount-Oak View,Blount-Oakview,
Blount-William Blount Academy,Blount-Wm Blount Academy,
Blount-William Blount High,Blount-William Blount HS,
Bradley-101 McDonald Ruritan,Bradley-1-1 McDonald,
Bradley-102 Prospect School,Bradley-1-2 Prospect,
Bradley-103 Hopewell School,Bradley-1-3 Hopewell,
Bradley-201 E.L. Ross School,Bradley-2-1 E.L. Ross,
Bradley-202 Walker Valley High,Bradley-2-2 Walker Valley,
Bradley-301 Lee University,Bradley-3-1 Lee University,
Bradley-302 Senior Center,Bradley-3-2 Senior Center,
Bradley-401 Oak Grove School,Bradley-4-1 Oak Grove,
Bradley-402 Michigan Ave School,Bradley-4-2 Michigan Ave,
Bradley-501 Blythe/Bower School,Bradley-5-1 Blythe/Bower,
Bradley-502 5 Points Museum,Bradley-5-2 Museum,
Bradley-601 Valley View School,Bradley-6-1 Valley View,
Bradley-602 Blue Springs School,Bradley-6-2 Blue Springs,
Bradley-603 Waterville School,Bradley-6-3 Waterville,
Bradley-604 Black Fox School,Bradley-6-4 Black Fox,
Bradley-701 Stuart School,Bradley-7-1 Stuart,
Bradley-702 Cleveland High,Bradley-7-2 Cleveland High,
Campbell-Alder Springs,Campbell-1-1 Alder Springs,
Campbell-Campbell County High School,Campbell-3-1 CCHS,
Campbell-Caryville,Campbell-4-1 Caryville,
Campbell-Clinchmore,Campbell-4-2 Clinchmore,
Campbell-College Hill,Campbell-2-1 College Hill,
Campbell-Demory,Campbell-1-2 Demory,
Campbell-East LaFollette,Campbell-2-2 East LaFollette,
Campbell-Elk Valley,Campbell-5-1 Elk Valley,
Campbell-Habersham,Campbell-5-2 Habersham,
Campbell-Jacksboro,Campbell-4-3 Jacksboro,
Campbell-Jacksboro Station,Campbell-3-2 Jacksboro Sta,
Campbell-Jellico,Campbell-5-3 Jellico,
Campbell-LaFollette Elementary School,Campbell-2-3 LaFollette ES,
Campbell-Newcomb,Campbell-5-4 Newcomb,
Campbell-Pinecrest,Campbell-1-3 Pinecrest,
Campbell-Ridgewood,Campbell-4-4 Ridgewood,
Campbell-Valley View,Campbell-1-4 Valley View,
Campbell-Well Springs,Campbell-1-5 Well Springs,
Campbell-West LaFollette,Campbell-3-3 West LaFollette,
Campbell-White Oak,Campbell-5-5 White Oak,
Cannon-2 Short Mountain,Cannon-2-4 Short Mountain,
Cannon-4 Short Mountain,Cannon-4-2 Short Mountain,
Cannon-Auburntown,Cannon-2-1 Auburntown,
Cannon-Eastside,Cannon-4-1 Eastside,
Cannon-Gassaway,Cannon-2-2 Gassaway,
Cannon-Pleasant Ridge,Cannon-2-3 Pleasant Ridge,
Cannon-Westside,Cannon-1-1 Westside,
Cannon-Woodbury,Cannon-5-1 Woodbury,
Cannon-Woodland,Cannon-3-2 Woodland,
Carroll-1 Lavinia,Carroll-Lavinia,
Carroll-11 Buena Vista,Carroll-Buena Vista,
Carroll-12 Bruceton,Carroll-Bruceton,
Carroll-13 Hollow Rock,Carroll-Hollow Rock,
Carroll-14 Vale,Carroll-Vale,
Carroll-16 Atwood,Carroll-Atwood,
Carroll-17 Senior Citizens,Carroll-Senior Citizens,
Carroll-18 Cannon,Carroll-Cannon,
Carroll-19 Concord,Carroll-Concord,
Carroll-2 Trezevant,Carroll-Trezevant,
Carroll-20 Westport,Carroll-Westport,
Carroll-21 Church of Christ,Carroll-Church of Christ,
Carroll-22 McKenzie City hall,Carroll-McKenzie,
Carroll-4 McLemoresville,Carroll-McLemoresville,
Carroll-5 Cedar Grove,Carroll-Cedar Grove,
Carroll-6 Clarksburg,Carroll-Clarksburg,
Carroll-7 Macedonia,Carroll-Macedonia,
Carroll-8 Civic Center,Carroll-Civic Center,
Carroll-9 Huntingdon Police Station,Carroll-Hunt-Police Station,
Carter-Court House,Carter-Courthouse,
Carter-National Guard Armory,Carter-National Guard,
Cheatham-1-1 Cheatham Co Library,Cheatham-1-1 County Library,
Cheatham-2-1 East Cheatham Elementary,Cheatham-2-2 East Cheatham,
Cheatham-3-1 Pleasant View City Hall,Cheatham-3-1 Pleasant View,
Cheatham-4-1 West Cheatham Elementary,Cheatham-4-1 West Cheatham,
Cheatham-4-3 Sycamore Middle School,Cheatham-4-3 Sycamore,
Cheatham-5-1 Greenbrier Church of Christ,Cheatham-5-1 Greenbrier,
Cheatham-5-2 Pegram City Hall,Cheatham-5-2 Pegram,
Cheatham-6-1 Harpeth High School,Cheatham-6-1 Harpeth,
Chester-1-5 Sweet Lips,Chester-1-5 Sweetlips,
Chester-4-1 West Chester School,Chester-4-1 West Chester,
Chester-5-1 East Chester School,Chester-5-1 East Chester,
Claiborne-8-2 Vanbebber Springs,Claiborne-8-2 Vanbebber Sprngs,
Clay-1 Dentons Cross Roads,Clay-1 Dentons Cross Road,
Clay-5-1 Arcot/Beech Bethany,Clay-5-1 Beech Bethany,
Cocke-Cocke County High School,Cocke-Cocke County High,
Cocke-Newport Grammar School,Cocke-Newport Grammar,
Coffee-01 Ada Right Center,Coffee-1 Ada Wright CC,
Coffee-02 Saint Paul United Methodist Church,Coffee-2 St Paul,
Coffee-03 Trinity Baptist Church,Coffee-3 Trinity,
Coffee-04 First Baptist Church,Coffee-4 First Baptist,
Coffee-05 Hillsboro Community Center,Coffee-5 Hillsboro,
Coffee-06 Tennessee Vocational Center,Coffee-6 TN Vocational Center,
Coffee-07 Forrest Mill Church of Christ Activity Center,Coffee-7 Forest Mill,
Coffee-08 New Union Fire Hall,Coffee-8 New Union,
Coffee-10 Mt. Ararat Baptist Church,Coffee-10 Mt. Ararat,
Coffee-11 Freedonia Community Center,Coffee-11 Fredonia,
Coffee-12 North Coffee Elementary School,Coffee-12 North Coffee,
Coffee-13-1 Blanton's Chapel Community Center,Coffee-13-1 Blanton's Chapel,
Coffee-13-2 Grace Baptist Center,Coffee-13-2 Grace Baptist,
Coffee-13-4 Grace Baptist Center,Coffee-13-4 Grace Baptist,
Coffee-14 Hickerson Fire Hall,Coffee-14 Hickerson,
Coffee-15 Grace Baptist Church,Coffee-15 Grace Baptist,
Coffee-16 Lions Club,Coffee-16 Lion's Club,
Coffee-18 First Christian Church,Coffee-18 First Christian,
Coffee-20 Coffee County Senior Citizens,Coffee-20 Sr Citizens Center,
Coffee-21 Wilson Avenue Church of Christ,Coffee-21 Wilson Ave,
Coffee-9-1 Pocahontas Community Center,Coffee-9-1 Pocahontas,
Coffee-9-2 Summitville Community Center,Coffee-9-2 Summitville,
Crockett-1,Crockett-01,
Crockett-2,Crockett-02,
Crockett-3,Crockett-03,
Crockett-4,Crockett-04,
Crockett-5,Crockett-05,
Crockett-6,Crockett-06,
Crockett-7,Crockett-07,
Crockett-8,Crockett-08,
Crockett-9,Crockett-09,
Cumberland-Bakers,Cumberland-4 Bakers,
Cumberland-Big Lick,Cumberland-3 Big Lick,
Cumberland-Chestnut Hill,Cumberland-6 Chestnut Hill,
Cumberland-Complex 2,Cumberland-2 Complex 2,
Cumberland-Cornerstone Baptist Church,Cumberland-1 Cornerstone,
Cumberland-Crab Orchard Town Hall,Cumberland-6 Crab Orchard,
Cumberland-Dorton,Cumberland-3 Dorton,
Cumberland-Fairfield Glade North,Cumberland-9 Fairfield North,
Cumberland-Fairfield Glade South,Cumberland-9 Fairfield South,
Cumberland-Grassy Cove,Cumberland-6 Grassy Cove,
Cumberland-Homestead,Cumberland-3 Homestead,
Cumberland-Lantana,Cumberland-5 Lantana,
Cumberland-Linary,Cumberland-3 Linary,
Cumberland-Mayland,Cumberland-7 Mayland,
Cumberland-Midway,Cumberland-8 Midway,
Cumberland-Oak Hill,Cumberland-4 Oak Hill,
Cumberland-Ozone-Pineview,Cumberland-6 Ozone-Pineview,
Cumberland-Pleasant Hill,Cumberland-8 Pleasant Hill,
Cumberland-Pomona,Cumberland-8 Pomona,
Cumberland-Rinnie,Cumberland-7 Rinnie,
Cumberland-Tabor,Cumberland-4 Tabor,
Cumberland-Tansi,Cumberland-5 Tansi,
Cumberland-Vandever,Cumberland-5 Vandever,
Cumberland-Woody,Cumberland-7 Woody,
Davidson-1-1,Davidson-01-1,
Davidson-1-2,Davidson-01-2,
Davidson-1-3,Davidson-01-3,
Davidson-1-4,Davidson-01-4,
Davidson-1-5,Davidson-01-5,
Davidson-2-1,Davidson-02-1,
Davidson-2-2,Davidson-02-2,
Davidson-2-3,Davidson-02-3,
Davidson-2-4,Davidson-02-4,
Davidson-2-5,Davidson-02-5,
Davidson-3-1,Davidson-03-1,
Davidson-3-2,Davidson-03-2,
Davidson-3-3,Davidson-03-3,
Davidson-3-4,Davidson-03-4,
Davidson-3-5,Davidson-03-5,
Davidson-3-6,Davidson-03-6,
Davidson-4-1,Davidson-04-1,
Davidson-4-2,Davidson-04-2,
Davidson-4-3,Davidson-04-3,
Davidson-4-4,Davidson-04-4,
Davidson-5-1,Davidson-05-1,
Davidson-5-2,Davidson-05-2,
Davidson-5-3,Davidson-05-3,
Davidson-5-4,Davidson-05-4,
Davidson-5-5,Davidson-05-5,
Davidson-6-1,Davidson-06-1,
Davidson-6-2,Davidson-06-2,
Davidson-6-3,Davidson-06-3,
Davidson-6-4,Davidson-06-4,
Davidson-6-5,Davidson-06-5,
Davidson-7-1,Davidson-07-1,
Davidson-7-2,Davidson-07-2,
Davidson-7-3,Davidson-07-3,
Davidson-7-4,Davidson-07-4,
Davidson-7-5,Davidson-07-5,
Davidson-7-6,Davidson-07-6,
Davidson-8-1,Davidson-08-1,
Davidson-8-2,Davidson-08-2,
Davidson-8-3,Davidson-08-3,
Davidson-8-4,Davidson-08-4,
Davidson-9-1,Davidson-09-1,
Davidson-9-2,Davidson-09-2,
Davidson-9-3,Davidson-09-3,
Dekalb-1-3 Edgar Evins State Park,Dekalb-1-3 Edgar Evins Park,
Dekalb-7-1 Church of Christ Annex,Dekalb-7-1 Church of Christ,
Dickson-1-1 Collier House,Dickson-1-1,
Dickson-1-2 Sylvia Baptist Church,Dickson-1-2,
Dickson-10-1 First Baptist Church,Dickson-10-1,
Dickson-11-1 Tennsco Community Center,Dickson-11-1,
Dickson-12-1 White Bluff Community Center,Dickson-12-1,
Dickson-12-2 Greater Things Baptist Church,Dickson-12-2,
Dickson-2-1 Eno Community Center,Dickson-2-1,
Dickson-2-2 TN City Fire Hall,Dickson-2-2,
Dickson-3-1 Calvary Chapel,Dickson-3-1,
Dickson-3-2 Vanleer Town Hall,Dickson-3-2,
Dickson-4-1 Jackson Chapel,Dickson-4-1,
Dickson-5-1 White Bluff Civic Center,Dickson-5-1,
Dickson-6-1 Burns Church of Christ,Dickson-6-1,
Dickson-6-2 Porter Community Center,Dickson-6-2,
Dickson-7-1 Pomona Baptist Church,Dickson-7-1,
Dickson-8-1 Senior Citizens,Dickson-8-1,
Dickson-9-1 Restoration Church,Dickson-9-1,
Dyer-A1 - Bonicord,Dyer-A1- Bonicord,
Dyer-A2 - Fowlkes,Dyer-A2- Fowlkes,
Dyer-B - Newbern,Dyer-B- Newbern,
Dyer-C1 - Tatumville,Dyer-C1- Tatumville,
Dyer-C2 - Trimble,Dyer-C2- Trimble,
Dyer-C3 - Roellen,Dyer-C3- Roellen,
Dyer-D1 - Millsfield,Dyer-D1- Millsfield,
Dyer-D2 - Bogota,Dyer-D2- Bogota,
Dyer-E1 - Finley,Dyer-E1- Finley,
Dyer-E2 - Lenox,Dyer-E2- Lenox,
Dyer-F - Dyer County Central,Dyer-F- Dyer Co Central,
Dyer-G - Courthouse,Dyer-G- Courthouse,
Dyer-H - E. Dyersburg,Dyer-H- E. Dyersburg,
Dyer-I1 - Community Center,Dyer-I1- Community Center,
Dyer-I2 - Hurricane Hill,Dyer-I2- Hurricane Hill,
Dyer-J - N Dyersburg,Dyer-J- North Dyersburg,
Fayette-1 Somerville,Fayette-Somerville,
Fayette-10 Rossville,Fayette-Rossville,
Fayette-11 Macon,Fayette-Macon,
Fayette-12 Williston,Fayette-Williston,
Fayette-13 Moscow,Fayette-Moscow,
Fayette-14 Parks,Fayette-Parks,
Fayette-15 La Grange,Fayette-LaGrange,
Fayette-2 Fayette Corner,Fayette-Fayette Corner,
Fayette-3 Garnett,Fayette-Garnett,
Fayette-4 Braden,Fayette-Braden,
Fayette-5 Gallaway,Fayette-Gallaway,
Fayette-6 Oakland,Fayette-Oakland,
Fayette-7 Hickory Withe,Fayette-Hickory Withe,
Fayette-8 Elba,Fayette-Elba,
Fayette-9 Piperton,Fayette-Piperton,
Fentress-Crossroad,Fentress-Crossroads,
Franklin-1-1 FC Annex,Franklin-1-1 Annex,
Franklin-7-2 Winchester Springs & Center Grove,Franklin-7-2 CG/Winchester Springs,
Gibson-01 Medina,Gibson-1-1 Medina,
Gibson-02 Sitka Community Center,Gibson-1-2 Sitka,
Gibson-04 Gibson,Gibson-6-4 Gibson,
Gibson-06 Humboldt Ch of Chr,Gibson-2-6 Humboldt Church,
Gibson-07 Humboldt Park,Gibson-3-7 Bailey Park,
Gibson-08 St. James Baptist Church,Gibson-4-8 St James Baptist,
Gibson-09 Humboldt Lane Chapel,Gibson-5-9 Lane Chapel Church,
Gibson-10 Humboldt High School,Gibson-6-10 Humboldt HS,
Gibson-12 Edison,Gibson-8-12 Edison,
Gibson-13 Fruitland,Gibson-7-13 Fruitland,
Gibson-14 Brazil,Gibson-8-14 Brazil,
Gibson-17 Yorkville,Gibson-16-17 Yorkville,
Gibson-18 Kenton,Gibson-16-18 Kenton,
Gibson-20 CourtHouse,Gibson-9-20 JC Building,
Gibson-22 Agri Plex,Gibson-10-22 Agri-Plex,
Gibson-24 Moore's Chapel,Gibson-11-24 Moore's Chapel,
Gibson-26 Union Central,Gibson-11-26 Union Central,
Gibson-27 Skullbone,Gibson-11-27 Skullbone,
Gibson-28 Cumberland Presbyterian Church,Gibson-12-28 Milan CPC,
Gibson-29 Milan Polk Clark,Gibson-13-29 Milan Polk Clark,
Gibson-30 Milan Assembly/God,Gibson-14-30 Milan 1stAssembly,
Gibson-31 Milan Muni Bldg,Gibson-15-31 Milan Municipal,
Gibson-32 Bradford,Gibson-17-32 Bradford,
Gibson-34 Laneview,Gibson-18-34 Laneview,
Gibson-37 Good Luck,Gibson-18-37 Good Luck,
Gibson-38 Dyer,Gibson-19-38 Dyer,
Gibson-39 Currie,Gibson-19-39 Currie,
Gibson-40 Rutherford,Gibson-16-40 Rutherford,
Giles-3A Richland Trace Market,Giles-3A Richland Trace,
Giles-4B Odds Fellows Hall,Giles-4B Odd Fellows Hall,
Giles-5B Agri-Park,Giles-5B Agri Park,
Giles-6A MMC Martin Methodist College,Giles-6A Martin,
Giles-6B BMS Bridgeforth Middle School,Giles-6B Bridgeforth,
Giles-7A GCHS Giles County High School,Giles-7A GCHS,
Giles-7B Recreation Center,Giles-7B Rec Center,
Grainger-1-1 Rutledge Middle School,Grainger-1-1,
Grainger-1-2 Old Central Point School,Grainger-1-2,
Grainger-2-1 Bean Station Ele. School,Grainger-2-1,
Grainger-2-2 Grainger High School,Grainger-2-2,
Grainger-3-1 Blaine City Hall,Grainger-3-1,
Grainger-3-2 Indian Ridge Comm. Blg.,Grainger-3-2,
Grainger-4-1 Thorn Hill Comm. Blg.,Grainger-4-1,
Grainger-4-2 Washburn Ele. School,Grainger-4-2,
Grainger-5-1 Bean Station Library,Grainger-5-1,
Grainger-5-2 Senior Citizens Center,Grainger-5-2,
Greene-Baileyton,Greene-1 Baileyton,
Greene-Camp Creek,Greene-4 Camp Creek,
Greene-Chuckey,Greene-2 Chuckey,
Greene-Chuckey Doak,Greene-2 Chuckey Doak,
Greene-Court House,Greene-4 Courthouse,
Greene-Debusk,Greene-5 Debusk,
Greene-Doak,Greene-3 Doak,
Greene-Glenwood,Greene-7 Glenwood,
Greene-High School,Greene-7 High School,
Greene-McDonald,Greene-6 McDonald,
Greene-Middle School,Greene-5 Middle School,
Greene-Mosheim,Greene-6 Mosheim,
Greene-Nolachuckey,Greene-5 Nolachuckey,
Greene-Ottway,Greene-1 Ottway,
Greene-South Greene,Greene-5 South Greene,
Greene-Tusculum View,Greene-3 Tusculum View,
Greene-West Pines,Greene-1 West Pines,
Grundy-Beersheba,Grundy-Beersheba Springs,
Grundy-Gruetli,Grundy-Gruetli-Laager,
Grundy-Pelham,Grundy-Pelham Valley,
Grundy-Tracy,Grundy-Tracy City,
Hamblen-1-1,Hamblen-01-1,
Hamblen-2-1,Hamblen-02-1,
Hamblen-3-1,Hamblen-03-1,
Hamblen-4-1,Hamblen-04-1,
Hamblen-5-1,Hamblen-05-1,
Hamblen-6-1,Hamblen-06-1,
Hamblen-7-1,Hamblen-07-1,
Hamblen-8-1,Hamblen-08-1,
Hamblen-9-1,Hamblen-09-1,
Hamblen-9-2,Hamblen-09-2,
Hamilton-Airport,Hamilton-088 Airport,
Hamilton-Alton Park 1,Hamilton-048 Alton Park 1,
Hamilton-Alton Park 2,Hamilton-047 Alton Park 2,
Hamilton-Alton Park 3,Hamilton-127 Alton Park 3,
Hamilton-Amnicola,Hamilton-057 Amnicola,
Hamilton-Apison 1,Hamilton-110 Apison 1,
Hamilton-Apison 2,Hamilton-109 Apison 2,
Hamilton-Apison 3,Hamilton-111 Apison 3,
Hamilton-Avondale,Hamilton-055 Avondale,
Hamilton-Bakewell 1,Hamilton-009 Bakewell 1,
Hamilton-Bakewell 2,Hamilton-011 Bakewell 2,
Hamilton-Bakewell 3,Hamilton-013 Bakewell 3,
Hamilton-Birchwood,Hamilton-115 Birchwood,
Hamilton-Bonny Oaks,Hamilton-096 Bonny Oaks,
Hamilton-Brainerd,Hamilton-074 Brainerd,
Hamilton-Brainerd Hills,Hamilton-076 Brainerd Hills,
Hamilton-Bushtown,Hamilton-054 Bushtown,
Hamilton-Collegedale 1,Hamilton-108 Collegedale 1,
Hamilton-Collegedale 2,Hamilton-112 Collegedale 2,
Hamilton-Collegedale 3,Hamilton-121 Collegedale 3,
Hamilton-Collegedale 4,Hamilton-123 Collegedale 4,
Hamilton-Concord 1,Hamilton-077 Concord 1,
Hamilton-Concord 2,Hamilton-078 Concord 2,
Hamilton-Concord 3,Hamilton-079 Concord 3,
Hamilton-Concord 4,Hamilton-006 Concord 4,
Hamilton-Concord 5,Hamilton-080 Concord 5,
Hamilton-Concord 6,Hamilton-105 Concord 6,
Hamilton-Concord 7,Hamilton-098 Concord 7,
Hamilton-Courthouse 1,Hamilton-040 Courthouse 1,
Hamilton-Courthouse 2,Hamilton-039 Courthouse 2,
Hamilton-Dalewood,Hamilton-090 Dalewood,
Hamilton-Dallas 1,Hamilton-015 Dallas 1,
Hamilton-Dallas 2,Hamilton-016 Dallas 2,
Hamilton-Downtown 1,Hamilton-041 Downtown 1,
Hamilton-Downtown 2,Hamilton-038 Downtown 2,
Hamilton-Downtown 3,Hamilton-129 Downtown 3,
Hamilton-DuPont,Hamilton-061 DuPont,
Hamilton-East Brainerd 1,Hamilton-099 East Brainerd 1,
Hamilton-East Brainerd 2,Hamilton-100 East Brainerd 2,
Hamilton-East Chattanooga 1,Hamilton-056 East Chattanooga 1,
Hamilton-East Chattanooga 2,Hamilton-089 East Chattanooga 2,
Hamilton-East Lake,Hamilton-049 East Lake,
Hamilton-East Ridge 1,Hamilton-071 East Ridge 1,
Hamilton-East Ridge 2,Hamilton-072 East Ridge 2,
Hamilton-East Ridge 3,Hamilton-073 East Ridge 3,
Hamilton-East Ridge 4,Hamilton-075 East Ridge 4,
Hamilton-Eastdale,Hamilton-082 Eastdale,
Hamilton-Eastgate 1,Hamilton-084 Eastgate 1,
Hamilton-Eastgate 2,Hamilton-085 Eastgate 2,
Hamilton-Eastside 1,Hamilton-050 Eastside 1,
Hamilton-Eastside 2,Hamilton-051 Eastside 2,
Hamilton-Fairmount 1,Hamilton-021 Fairmount 1,
Hamilton-Fairmount 2,Hamilton-027 Fairmount 2,
Hamilton-Falling Water,Hamilton-001 Falling Water,
Hamilton-Flat Top Mountain,Hamilton-010 Flat Top Mountain,
Hamilton-Ganns,Hamilton-067 Ganns,
Hamilton-Glenwood,Hamilton-081 Glenwood,
Hamilton-Harrison 1,Hamilton-125 Harrison 1,
Hamilton-Harrison 2,Hamilton-135 Harrison 2,
Hamilton-Harrison 3,Hamilton-133 Harrison 3,
Hamilton-Harrison 4,Hamilton-119 Harrison 4,
Hamilton-Harrison 5,Hamilton-118 Harrison 5,
Hamilton-Harrison 6,Hamilton-126 Harrison 6,
Hamilton-Harrison 7,Hamilton-134 Harrison 7,
Hamilton-Hixson 1,Hamilton-064 Hixson 1,
Hamilton-Hixson 2,Hamilton-063 Hixson 2,
Hamilton-Hixson 3,Hamilton-062 Hixson 3,
Hamilton-Kingspoint 1,Hamilton-091 Kingspoint 1,
Hamilton-Kingspoint 2,Hamilton-058 Kingspoint 2,
Hamilton-Kingspoint 3,Hamilton-092 Kingspoint 3,
Hamilton-Lake Hills,Hamilton-093 Lake Hills,
Hamilton-Lakesite,Hamilton-003 Lakesite,
Hamilton-Lookout Mountain,Hamilton-035 Lookout Mountain,
Hamilton-Lookout Valley 1,Hamilton-033 Lookout Valley 1,
Hamilton-Lookout Valley 2,Hamilton-034 Lookout Valley 2,
Hamilton-Lupton City,Hamilton-029 Lupton City,
Hamilton-Meadowview,Hamilton-116 Meadowview,
Hamilton-Middle Valley 1,Hamilton-068 Middle Valley 1,
Hamilton-Middle Valley 2,Hamilton-069 Middle Valley 2,
Hamilton-Missionary Ridge,Hamilton-070 Missionary Ridge,
Hamilton-Moccasin Bend,Hamilton-042 Moccasin Bend,
Hamilton-Mountain Creek 1,Hamilton-026 Mountain Creek 1,
Hamilton-Mountain Creek 2,Hamilton-031 Mountain Creek 2,
Hamilton-Mountain Creek 3,Hamilton-032 Mountain Creek 3,
Hamilton-Mowbray,Hamilton-014 Mowbray,
Hamilton-Murray Hills 1,Hamilton-005 Murray Hills 1,
Hamilton-Murray Hills 2,Hamilton-128 Murray Hills 2,
Hamilton-North Chattanooga 1,Hamilton-044 North Chattanooga 1,
Hamilton-North Chattanooga 2,Hamilton-043 North Chattanooga 2,
Hamilton-Northgate 1,Hamilton-059 Northgate 1,
Hamilton-Northgate 2,Hamilton-060 Northgate 2,
Hamilton-Northwoods 1,Hamilton-020 Northwoods 1,
Hamilton-Northwoods 2,Hamilton-019 Northwoods 2,
Hamilton-Northwoods 3,Hamilton-132 Northwoods 3,
Hamilton-Ooltewah 1,Hamilton-107 Ooltewah 1,
Hamilton-Ooltewah 2,Hamilton-106 Ooltewah 2,
Hamilton-Ooltewah 3,Hamilton-113 Ooltewah 3,
Hamilton-Ooltewah 4,Hamilton-007 Ooltewah 4,
Hamilton-Ooltewah 5,Hamilton-124 Ooltewah 5,
Hamilton-Ooltewah 6,Hamilton-122 Ooltewah 6,
Hamilton-Pleasant Grove 1,Hamilton-066 Pleasant Grove 1,
Hamilton-Pleasant Grove 2,Hamilton-065 Pleasant Grove 2,
Hamilton-Red Bank 1,Hamilton-045 Red Bank 1,
Hamilton-Red Bank 2,Hamilton-046 Red Bank 2,
Hamilton-Red Bank 3,Hamilton-028 Red Bank 3,
Hamilton-Ridgedale 1,Hamilton-053 Ridgedale 1,
Hamilton-Ridgedale 2,Hamilton-052 Ridgedale 2,
Hamilton-Ridgeside,Hamilton-083 Ridgeside,
Hamilton-Riverview,Hamilton-004 Riverview,
Hamilton-Sale Creek,Hamilton-008 Sale Creek,
Hamilton-Signal Mountain 1,Hamilton-022 Signal Mountain 1,
Hamilton-Signal Mountain 2,Hamilton-002 Signal Mountain 2,
Hamilton-Snowhill 1,Hamilton-117 Snowhill 1,
Hamilton-Snowhill 2,Hamilton-120 Snowhill 2,
Hamilton-Soddy Daisy 1,Hamilton-012 Soddy Daisy 1,
Hamilton-Soddy Daisy 2,Hamilton-017 Soddy Daisy 2,
Hamilton-Soddy Daisy 3,Hamilton-018 Soddy Daisy 3,
Hamilton-St Elmo 1,Hamilton-036 St. Elmo 1,
Hamilton-St Elmo 2,Hamilton-037 St. Elmo 2,
Hamilton-Stuart Heights,Hamilton-030 Stuart Heights,
Hamilton-Summit 1,Hamilton-097 Summit 1,
Hamilton-Summit 2,Hamilton-130 Summit 2,
Hamilton-Summit 3,Hamilton-114 Summit 3,
Hamilton-Summit 4,Hamilton-095 Summit 4,
Hamilton-Tyner 1,Hamilton-094 Tyner 1,
Hamilton-Tyner 2,Hamilton-104 Tyner 2,
Hamilton-Tyner 3,Hamilton-131 Tyner 3,
Hamilton-Valdeau 1,Hamilton-024 Valdeau 1,
Hamilton-Valdeau 2,Hamilton-025 Valdeau 2,
Hamilton-Walden,Hamilton-023 Walden,
Hamilton-Westview 1,Hamilton-102 Westview 1,
Hamilton-Westview 2,Hamilton-101 Westview 2,
Hamilton-Westview 3,Hamilton-103 Westview 3,
Hamilton-Woodmore 1,Hamilton-086 Woodmore 1,
Hamilton-Woodmore 2,Hamilton-087 Woodmore 2,
Hardin-1 Olivet,Hardin-Olivet 1-1,
Hardin-10 Fairground,Hardin-Fairground 10-1,
Hardin-2 Nixon,Hardin-Nixon 2-1,
Hardin-3 Counce,Hardin-Counce 3-1,
Hardin-4 Crump,Hardin-Crump 4-1,
Hardin-5-1 Saltillo,Hardin-Saltillo 5-1,
Hardin-5-2 Morris Chapel,Hardin-Morris Chapel 5-2,
Hardin-6-1 Cerro Gordo,Hardin-Cerro Gordo 6-1,
Hardin-6-2 Rhodes,Hardin-Rhodes 6-2,
Hardin-6-3 Olive Hill,Hardin-Olive Hill 6-3,
Hardin-7-1 Whites,Hardin-Whites 7-1,
Hardin-7-2 Walnut Grove,Hardin-Walnut Grove 7-2,
Hardin-8 North,Hardin-North 8-1,
Hardin-9 Library,Hardin-Library 9-1,
Hawkins-5 Rogersville,Hawkins-5 Rogersville 5th,
Hawkins-6 Alumwell,Hawkins-6 Alum Well,
Haywood-01 Christ Temple Apostolic Church,Haywood-1-1,
Haywood-02 Parks & Recreation Dept,Haywood-2-1,
Haywood-03 Jefferson Court Community Building,Haywood-3-1,
Haywood-04 Chamber Basement,Haywood-4-1,
Haywood-05 Tibbs Fire Station,Haywood-5-1,
Haywood-06 Wyatt-Duke National Guard Armory,Haywood-6-1,
Haywood-07 Delta Heritage Center,Haywood-7-1,
Haywood-08 Douglas Community Center,Haywood-8-1,
Haywood-09A Stanton City Hall,Haywood-9-1,
Haywood-09B West Side Church of Christ,Haywood-9-2,
Haywood-10 Haywood Junior High,Haywood-10-1,
Henry-5-1 HC High School,Henry-5-1 Henry Co High,
Henry-5-2 Vo-Tech,Henry-5-2 TN Tech Center,
Hickman-01-1 Nunnelly,Hickman-1-1 Nunnelly,
Hickman-01-2 Pinewood,Hickman-1-2 Pinewood,
Hickman-02-2 Fairfield,Hickman-2-2 Fairfield,
Hickman-02-3 East Bank,Hickman-2-3 East Bank,
Hickman-03-1 East Community Center,Hickman-3-1 East CC,
Hickman-04-1 Lake Benson Camp,Hickman-4-1 Lake Benson,
Hickman-05-1 Mt. Pleasant,Hickman-5-1 Mt. Pleasant,
Hickman-05-2 Middle School,Hickman-5-2 Middle School,
Hickman-05-3 Shady Grove,Hickman-5-3 Shady Grove,
Hickman-06-1 Justice Center,Hickman-6-1 Justice Center,
Hickman-07-1 Nunnelly,Hickman-7-1 Nunnelly,
Hickman-07-2 Pleasantville,Hickman-7-2 Pleasantville,
Hickman-07-3 Brushy,Hickman-7-3 Brushy,
Hickman-07-4 Coble,Hickman-7-4 Coble,
Houston-Arlington Sr. Citizens Cntr,Houston-Arlington,
Houston-Erin City Hall,Houston-Erin,
Houston-Erin Elementary School,Houston-Erin Elementary,
Houston-Griffin Chapel Church,Houston-Griffins Chapel,
Houston-Houston Co. Middle School,Houston-Houston Co Middle,
Houston-Stewart Community Center,Houston-Stewart,
Jefferson-10th Jefferson City Fire Dept,Jefferson-10 Jeff City Fire Dp,
Jefferson-1st Dandridge Elementary School,Jefferson-1 Dandridge ES,
Jefferson-2nd Piedmont Elementary School,Jefferson-2 Piedmont,
Jefferson-3rd White Pine School,Jefferson-3 White Pine,
Jefferson-4th Jefferson Elementary School,Jefferson-4 Jefferson ES,
Jefferson-5th Jefferson Middle School,Jefferson-5 Jefferson Middle,
Jefferson-6th Rush Strong School,Jefferson-6 Rush Strong,
Jefferson-7th New Market City Hall,Jefferson-7 New Market,
Jefferson-8-1 Old Chestnut Hill School,Jefferson-8-1 Chestnut Hill,
Jefferson-8-2 Old Swannsylvania School,Jefferson-8-2 Swannsylvania,
Jefferson-9th Talbott Elementary School,Jefferson-9 Talbott School,
Johnson-5 Doe Valley,Johnson-5 Doe,
Knox-06,Knox-06 Green School,
Knox-09,Knox-09 Eternal Life Harvest,
Knox-10-N,Knox-10N Fort Sanders,
Knox-10-S,Knox-10S Howard Baker Center,
Knox-10-W,Knox-10W Howard Baker Center,
Knox-11,Knox-11 Central UMC,
Knox-12,Knox-12 Eastport,
Knox-13,Knox-13 Fair Garden,
Knox-14,Knox-14 Austin-East,
Knox-15,Knox-15 John T. O'Connor,
Knox-16,Knox-16 Larry Cox Sr Center,
Knox-17,Knox-17 Christenberry,
Knox-18,Knox-18 Lincoln Park,
Knox-19-E,Knox-19E Thrive Lonsdale,
Knox-19-W,Knox-19W Thrive Lonsdale,
Knox-20,Knox-20 Beaumont,
Knox-23,Knox-23 Westview,
Knox-24-Q,Knox-24Q Sequoyah Hills,
Knox-25,Knox-25 South Knox CC,
Knox-26,Knox-26 Dogwood,
Knox-27,Knox-27 South Knox,
Knox-29,Knox-29 Anderson,
Knox-30,Knox-30 Sarah Moore Greene,
Knox-31,Knox-31 Chilhowee,
Knox-32,Knox-32 Spring Hill,
Knox-33,Knox-33 Richard Yoakley,
Knox-34,Knox-34 Central,
Knox-35,Knox-35 Shannondale,
Knox-36,Knox-36 Gresham,
Knox-37,Knox-37 Inskip Elementary,
Knox-39,Knox-39 Inskip Rec Center,
Knox-40,Knox-40 Norwood,
Knox-41,Knox-41 Norwood,
Knox-42,Knox-42 Pleasant Ridge,
Knox-43,Knox-43 West Haven,
Knox-44,Knox-44 Ridgedale,
Knox-45,Knox-45 Bearden Middle,
Knox-46,Knox-46 1st Nazarene,
Knox-47,Knox-47 Bearden High,
Knox-48,Knox-48 Pond Gap,
Knox-49,Knox-49 Bearden Elementary,
Knox-50-N,Knox-50N West High,
Knox-50-S,Knox-50S West High,
Knox-51,Knox-51 Deane Hill Rec Ctr,
Knox-55,Knox-55 Lonas,
Knox-56,Knox-56 Heiskell,
Knox-57,Knox-57 Hills,
Knox-58-N,Knox-58N Pedigo,
Knox-58-S,Knox-58S Pedigo,
Knox-59,Knox-59 Brickey,
Knox-60,Knox-60 Fort Sumter,
Knox-61,Knox-61 Halls,
Knox-62,Knox-62 Hardin Valley,
Knox-63,Knox-63 Karns,
Knox-63-N,Knox-63N Karns North,
Knox-64,Knox-64 Solway,
Knox-65-E,Knox-65E Shoreline,
Knox-65-N,Knox-65N Concord North,
Knox-65-W,Knox-65W Farragut Town Hall,
Knox-66-N,Knox-66N Farragut I,
Knox-66-S,Knox-66S Farragut II,
Knox-67,Knox-67 North Cedar Bluff,
Knox-68,Knox-68 South Cedar Bluff,
Knox-68-E,Knox-68E East Cedar Bluff,
Knox-69-E,Knox-69E Bluegrass,
Knox-69-N,Knox-69N West Valley,
Knox-69-S,Knox-69S Northshore,
Knox-69-W,Knox-69W A. L. Lotts,
Knox-70-E,Knox-70E Amherst,
Knox-70-W,Knox-70W Ball Camp,
Knox-71,Knox-71 Rocky Hill,
Knox-72,Knox-72 Dante,
Knox-73,Knox-73 Powell,
Knox-74,Knox-74 Shannondale,
Knox-76,Knox-76 Sunnyview,
Knox-77,Knox-77 Ramsey,
Knox-78,Knox-78 Riverdale,
Knox-79,Knox-79 Dora Kennedy,
Knox-80,Knox-80 Corryton,
Knox-81,Knox-81 Gibbs,
Knox-82,Knox-82 Ellistown,
Knox-84,Knox-84 Ritta,
Knox-85,Knox-85 Skaggston,
Knox-86,Knox-86 Carter,
Knox-87,Knox-87 Thorngrove,
Knox-89,Knox-89 Mt. Olive,
Knox-90,Knox-90 South Doyle,
Knox-92,Knox-92 Gap Creek,
Knox-93,Knox-93 Hopewell,
Lake-1 Tiptonville Senior Center,Lake-1 Tiptonville SR Citizens,
Lake-2 Lake County Courthouse,Lake-2 Courthouse,
Lake-3 Lake County Middle School,Lake-3 Lake Co Middle,
Lauderdale-Central,Lauderdale-Central 6,
Lauderdale-Edith,Lauderdale-Edith 7,
Lauderdale-Gates,Lauderdale-Gates 7,
Lauderdale-Henning,Lauderdale-Henning 1,
Lauderdale-Lightfoot,Lauderdale-Lightfoot 5,
Lauderdale-McBride,Lauderdale-McBride 1,
Lawrence-1-1 St. Joseph,Lawrence-01-1 St. Joseph,
Lawrence-1-2 West Loretto,Lawrence-01-2 West Loretto,
Lawrence-18-1 E.O. Coffman,Lawrence-18-1 PSCoC,
Lawrence-2-1 Loretto Civic Center,Lawrence-02-1 Loretto Civ Ctr,
Lawrence-3-1 South East Lawrence,Lawrence-03-1 SE Lawrence,
Lawrence-3-2 Centerpoint,Lawrence-03-2 Centerpoint,
Lawrence-4-1 Crossroads Fire Hall,Lawrence-04-1 Crossroads,
Lawrence-5-1 Leoma School Gym,Lawrence-05-1 Leoma,
Lawrence-5-2 Gandy,Lawrence-05-2 Gandy,
Lawrence-6-1 Iron City,Lawrence-06-1 Iron City,
Lawrence-6-2 West Point,Lawrence-06-2 West Point,
Lawrence-7-1 Lawrenceburg Public,Lawrence-07-1 Lawrenceburg,
Lawrence-8-1 New Prospect,Lawrence-08-1 New Prospect,
Lawrence-9-1 Ethridge,Lawrence-09-1 Ethridge,
Lawrence-9-2 Mars Hill,Lawrence-09-2 Mars Hill,
Lincoln-Armory,Lincoln-5-2 Armory,
Lincoln-Belleville Community Center,Lincoln-6-2 Belleville,
Lincoln-Blanche,Lincoln-1-1 Blanche,
Lincoln-Boonshill Community Center,Lincoln-2-1 Boonshill,
Lincoln-Calvary Baptist Fellowship Hall,Lincoln-5-1 Calvary,
Lincoln-Elora Community Center,Lincoln-7-1 Elora,
Lincoln-FNB Community Room,Lincoln-4-2 FNB,
Lincoln-Fayetteville CPC,Lincoln-6-1 Fayetteville CPC,
Lincoln-Flintville Fire Hall,Lincoln-7-2 Flintville,
Lincoln-Howell,Lincoln-2-2 Howell,
Lincoln-Kelso Cumberland Presbyterian Church,Lincoln-7-3 Kelso,
Lincoln-Liberty,Lincoln-3-2 Liberty,
Lincoln-Lincoln Community Center,Lincoln-8-1 Lincoln,
Lincoln-Maranatha,Lincoln-4-1 Maranatha,
Lincoln-Molino,Lincoln-1-2 Molino,
Lincoln-Mulberry Fire Hall,Lincoln-6-3 Mulberry,
Lincoln-Petersburg,Lincoln-2-3 Petersburg,
Lincoln-Recreation Center,Lincoln-3-1 Recreation Center,
Lincoln-South Lincoln,Lincoln-8-2 South Lincoln,
Lincoln-Taft Baptist Church,Lincoln-1-3 Taft,
Loudon-Eatons,Loudon-Eaton,
Loudon-Tellico Village North,Loudon-Tellico V. North,
Loudon-Tellico Village South,Loudon-Tellico V. South,
Macon-Central Elementary School,Macon-Central,
Macon-Cross Roads Community Center,Macon-Cross Roads,
Macon-Lafayette Elementary School,Macon-Lafayette,
Macon-Macon County High School,Macon-County High School,
Macon-Macon County Junior High School,Macon-County Junior High,
Macon-Macon County Welcome Center,Macon-Welcome Center,
Macon-National Guard Armory,Macon-Armory,
Macon-Red Boiling Springs High School,Macon-Red Boiling Springs,
Macon-Westside Elementary School,Macon-Westside,
Macon-Willette Community Center,Macon-Willette,
Madison-1-1 Carl Perkins Civic Center,Madison-1-1 Civic Center,
Madison-1-2 Mt. Moriah Baptist Church,Madison-1-2 Mt Moriah,
Madison-10-1 Spring Creek Fire Station #7,Madison-10-1 Spring Creek,
Madison-10-2 North East School,Madison-10-2 North East,
Madison-10-3 North Side High School,Madison-10-3 North Side,
Madison-2-1 Alexander Elementary School,Madison-2-1 Alexander,
Madison-2-2 Aldersgate United Methodist Church,Madison-2-2 Aldersgate,
Madison-2-3 Community Montessori School,Madison-2-3 Montessori,
Madison-3-1 Madison Co Board of Ed.,Madison-3-1 Board of Education,
Madison-3-2 Old Bells Fire Station,Madison-3-2 Old Bells Fire Statio,
Madison-3-3 Madison County Veterans Services,Madison-3-3 MCVS,
Madison-4-1 Masonic Temple Lodge #45,Madison-4-1 Masonic Lodge,
Madison-4-2 Andrew Jackson School,Madison-4-2 Andrew Jackson,
Madison-4-3 Festivities Events Place,Madison-4-3 Festivities,
Madison-5-1 Jackson Careers and Technology,Madison-5-1 JCTS,
Madison-5-2 Macedonia Baptist Church,Madison-5-2 Macedonia,
Madison-5-3 North Parkway School,Madison-5-3 North Parkway,
Madison-6-1 South Side High School,Madison-6-1 South Side,
Madison-6-2 South Elementary School,Madison-6-2 South,
Madison-6-3 Malesus Community Center,Madison-6-3 Malesus,
Madison-6-4 Medon City Hall,Madison-6-4 Medon,
Madison-7-1 UT Agricultural Experiment Station,Madison-7-1 UT Experiment Station,
Madison-7-2 TN Technology Center,Madison-7-2 TN Tech Ctr,
Madison-7-3 Denmark West Community Center,Madison-7-3 Denmark,
Madison-7-4 Mercer Fire Station,Madison-7-4 Mercer,
Madison-8-1 Beech Bluff Baptist Church,Madison-8-1 Beech Bluff,
Madison-8-2 Browns United Methodist Church,Madison-8-2 Browns,
Madison-8-3 Mifflin Road Fire Station,Madison-8-3 Mifflin,
Madison-8-4 East Union Ruritan Center,Madison-8-4 East Union,
Madison-8-5 Lesters Fire Station,Madison-8-5 Lesters,
Madison-9-1 VFW Post 1848,Madison-9-1 VFW,
Madison-9-2 Pope Elementary School,Madison-9-2 Pope,
Madison-9-3 Three Way City Meeting Room,Madison-9-3 Three Way,
Marion-Haletown-Ladds,Marion-Haletown-Ladd,
Marion-Powells Crossroads,Marion-Powells Crossroad,
Marion-Waldens Ridge,Marion-Walden's Ridge,
Marion-Whitwell Mtn. FD,Marion-Whitwell Mountain,
Marshall-Belfast,Marshall-3 Belfast,
Marshall-Chapel Hill,Marshall-1 Chapel Hill,
Marshall-Cornersville,Marshall-4 Cornersville,
Marshall-Hardison School,Marshall-7 Hardison,
Marshall-Henry Horton State Park,Marshall-2 Henry Horton Park,
Marshall-Lewisburg Gas Dept.,Marshall-8 Lewisburg Gas,
Marshall-McKnight Center,Marshall-9 McKnight Center,
Marshall-Parkview Baptist,Marshall-6 Parkview,
Marshall-Recreation Center,Marshall-5 Recreation Center,
Maury-Armory,Maury-Armory 7-1,
Maury-Bear Creek,Maury-Bear Creek 8-1,
Maury-Bigbyville,Maury-Bigbyville 9-1,
Maury-CP Church,Maury-CP Church 5-1,
Maury-College Hill,Maury-College Hill 3-1,
Maury-Culleoka,Maury-Culleoka 8-2,
Maury-First Family,Maury-First Family 2-1,
Maury-Hampshire,Maury-Hampshire 7-2,
Maury-Highland,Maury-Highland 2-2,
Maury-Mt. Pleasant,Maury-Mt. Pleasant 10-1,
Maury-Neapolis,Maury-Neapolis 5-2,
Maury-Northfield,Maury-Northfield 11-3,
Maury-Pleasant Heights,Maury-Pleasant Heights 9-2,
Maury-Rally Hill,Maury-Rally Hill 11-1,
Maury-Riverside,Maury-Riverside 1-1,
Maury-Santa Fe,Maury-Santa Fe 6-1,
Maury-Spring Hill,Maury-Spring Hill 11-2,
Maury-Spring Hill Middle,Maury-Spring Hill MS 6-2,
Maury-St. Catherine,Maury-St. Catherine 4-1,
Maury-Theta,Maury-Theta 6-3,
Maury-West End,Maury-West End 1-2,
McMinn-01 City Park School,McMinn-City Park,
McMinn-02 Etowah Community Center,McMinn-Etowah,
McMinn-03 Central High School,McMinn-Central,
McMinn-04 Englewood School,McMinn-Englewood,
McMinn-05 Rogers Creek School,McMinn-Rogers Creek,
McMinn-06 Riceville School,McMinn-Riceville,
McMinn-07 Calhoun School,McMinn-Calhoun,
McMinn-08 Niota School,McMinn-Niota,
McMinn-09 Ingleside School,McMinn-Ingleside,
McMinn-10 Tennessee College of Applied Technology,McMinn-TCAT,
McMinn-11 McMinn Courthouse,McMinn-Courthouse,
McMinn-12 North City School,McMinn-North City,
McMinn-13 Jones Chapel Family Life,McMinn-Jones Chapel,
McMinn-14 EK Baker School,McMinn-E K Baker,
McMinn-15 Mountain View School,McMinn-Mountain View,
McNairy-1 Bethel Springs,McNairy-Bethel Springs 1-1,
McNairy-1 Finger,McNairy-Finger 1-2,
McNairy-1 McNairy,McNairy-McNairy 1-3,
McNairy-2 Adamsville,McNairy-Adamsville 2-1,
McNairy-2 Lawton,McNairy-Lawton 2-2,
McNairy-3 Leapwood,McNairy-Leapwood 3-1,
McNairy-3 North East Selmer,McNairy-Northeast 3-2,
McNairy-3 Purdy,McNairy-Purdy 3-3,
McNairy-4 North Selmer,McNairy-North Selmer 4-1,
McNairy-4 Rose Creek,McNairy-Rose Creek 4-2,
McNairy-5 East View,McNairy-East View 5-2,
McNairy-5 Guys,McNairy-Guys 5-3,
McNairy-5 Ramer,McNairy-Ramer 5-4,
McNairy-6 Courthouse SE,McNairy-Courthouse SE 6-1,
McNairy-7 Michie,McNairy-Michie 7-1,
McNairy-7 Stantonville,McNairy-Stantonville 7-2,
Meigs-3 City Hall,Meigs-3-1 City Hall,
Meigs-3 Courthouse,Meigs-3-2 Courthouse,
Monroe-1 Sweetwater High School,Monroe-01,
Monroe-10 Rural Vale Fire Dept,Monroe-10,
Monroe-11 Tellico Community Center,Monroe-11,
Monroe-12 Coker Creek School,Monroe-12,
Monroe-14 Ballplay Fire Dept,Monroe-14,
Monroe-2 Broad Street School,Monroe-02,
Monroe-3 Sweetwater Primary School,Monroe-03,
Monroe-4 Vonore Elementary School,Monroe-04,
Monroe-5 Election Commission,Monroe-05,
Monroe-6 Madisonville Primary School,Monroe-06,
Monroe-7 Sequoyah High School,Monroe-07,
Monroe-8 Vonore Community Center,Monroe-08,
Monroe-9 Notchey Creek Fire Dept,Monroe-09,
Montgomery-10,Montgomery-10 Minglewood,
Montgomery-11,Montgomery-11 Northwest,
Montgomery-12,Montgomery-12 Ringgold,
Montgomery-13,Montgomery-13 Byrns Darden,
Montgomery-14,Montgomery-14 Glenellen,
Montgomery-15,Montgomery-15 Sango,
Montgomery-16,Montgomery-16 New Providence,
Montgomery-17,Montgomery-17 Grace,
Montgomery-18,Montgomery-18 Hazelwood,
Montgomery-19,Montgomery-19 Oakland,
Montgomery-1A,Montgomery-1A St B ES,
Montgomery-1B,Montgomery-1B Emmanuel,
Montgomery-20A,Montgomery-20A Clarksville,
Montgomery-20B,Montgomery-20B Barksdale,
Montgomery-21A,Montgomery-21A Cumberland,
Montgomery-21B,Montgomery-21B Hilldale,
Montgomery-2A,Montgomery-2A St B MC,
Montgomery-2B,Montgomery-2B St B CC,
Montgomery-3,Montgomery-3 East Montgomery,
Montgomery-4A,Montgomery-4A MCMS,
Montgomery-4B,Montgomery-4B WR Event Center,
Montgomery-5A,Montgomery-5A Smith,
Montgomery-5B,Montgomery-5B Madison,
Montgomery-6A,Montgomery-6A Cumberland,
Montgomery-6B,Montgomery-6B Bethel,
Montgomery-7,Montgomery-7 Woodlawn,
Montgomery-8A,Montgomery-8A Bethel,
Montgomery-8B,Montgomery-8B Barkers Mill,
Montgomery-9,Montgomery-9 Outlaw,
Moore-2 Moore County High School,Moore-2 High School,
Moore-3 Moore County Building,Moore-3 Moore County Bldg,
Morgan-Burrville 5-2,Morgan-5-2 Burrville,
Morgan-Chestnut Ridge 4-3,Morgan-4-3 Chestnut Ridge,
Morgan-Coalfield 1-1,Morgan-1-1 Coalfield,
Morgan-Deer Lodge 4-2,Morgan-4-2 Deer Lodge,
Morgan-Kelly's 6-1,Morgan-6-1 Kellys,
Morgan-Lancing 4-1,Morgan-4-1 Lancing,
Morgan-Mossy Grove 6-3,Morgan-6-3 Mossy Grove,
Morgan-Oakdale 2-2,Morgan-2-2 Oakdale,
Morgan-Oakdale High 2-1,Morgan-2-1 Oakdale High,
Morgan-Petros 6-2,Morgan-6-2 Petros,
Morgan-Sunbright 5-1,Morgan-5-1 Sunbright,
Morgan-Wartburg 3-1,Morgan-3-1 Wartburg,
Obion-2-1 Eddie Cox Sr. Center,Obion-2-1 Eddie Cox Sr Ctr,
Obion-6-1 Troy Senior Center,Obion-6-1 Troy Sr Ctr,
Obion-6-2 Obion Senior Center,Obion-6-2 Obion Sr Ctr,
Obion-7-2 Obion Co. Library,Obion-7-2 Obion Co Library,
Overton-2 Allons,Overton-2-1 Allons,
Overton-2 Monroe,Overton-2-3 Monroe,
Overton-3 Poteet,Overton-3-2 Poteet,
Overton-3 Rushing Springs,Overton-3-4 Rushing Springs,
Overton-3 Wilson,Overton-3-3 Wilson,
Overton-4 Rickman,Overton-4-2 Rickman,
Overton-5 Fairgrounds,Overton-5-2 Fairgrounds,
Overton-5 Hilham,Overton-5-1 Hilham,
Perry-101 Cedar Creek,Perry-1-1 Cedar Creek,
Perry-102 Marsh Creek,Perry-1-2 Marsh Creek,
Perry-201 Pineview,Perry-2-1 Pineview,
Perry-202 Pope,Perry-2-2 Pope,
Perry-301 Coon Creek,Perry-3-1 Coon Creek,
Perry-302 Flatwoods,Perry-3-2 Flatwoods,
Perry-401 Brush Creek,Perry-4-1 Brush Creek,
Perry-403 Lobelville Elem. School,Perry-4-3 Lobelville,
Perry-501 Perry Co. Courthouse,Perry-5-1 Linden,
Perry-601 Lobelville City Hall,Perry-6-1 Lobelville,
Pickett-Barnes Ridge,Pickett-Barnes Ridge 4-3,
Pickett-Bolestown,Pickett-Bolestown 4-4,
Pickett-Boom,Pickett-Boom 4-1,
Pickett-Chanute,Pickett-Chanute 3-1,
Pickett-Community Center,Pickett-Community Center 1-1,
Pickett-High School,Pickett-High School 2-1,
Pickett-Moodyville,Pickett-Moodyville 1-2,
Pickett-Oak Hill,Pickett-Oak Hill 4-2,
Pickett-Travisville,Pickett-Travisville 3-2,
Polk-1 Delano Lions Club,Polk-Delano,
Polk-1A Polk County High School,Polk-Polk County HS,
Polk-1B Chilhowee Middle Sch. Gym,Polk-Chilhowee MS,
Polk-2 Greasy Creek Comm. Club,Polk-Greasy Creek,
Polk-2A Springtown Firehall,Polk-Springtown Firehall,
Polk-2C South Polk School,Polk-South Polk School,
Polk-2D Shiloh Baptist,Polk-Shiloh Baptist,
Polk-3 Community Center,Polk-Community Center,
Polk-3B Turtletown,Polk-Turtletown,
Putnam-01A Capshaw,Putnam-1A Capshaw,
Putnam-02A Northeast Elementary,Putnam-2A Northeast,
Putnam-03A University,Putnam-3A University,
Putnam-04A Burks Middle School,Putnam-4A Burks,
Putnam-04B Monterey High School,Putnam-4B Monterey City,
Putnam-04C Poplar Grove Community Center,Putnam-4C Poplar Grove,
Putnam-05A Cookeville Community Center,Putnam-5A Cookeville CC,
Putnam-05C Prescott South,Putnam-5C Prescott South,
Putnam-05F Dry Valley,Putnam-5F Dry Valley,
Putnam-06A Cane Creek,Putnam-6A Cane Creek,
Putnam-07A Burgess Falls,Putnam-7A Burgess Falls,
Putnam-07D Twin Oak,Putnam-7D Twin Oak,
Putnam-08D Boma,Putnam-8D Boma,
Putnam-08E Buffalo Valley,Putnam-8E Buffalo Valley,
Putnam-08G Upperman,Putnam-8G Upperman,
Putnam-09B Double Springs,Putnam-9B Double Springs,
Putnam-11B Cookeville High School,Putnam-11B Cookeville High,
Roane-Johnson School House,Roane-Johnson Sch House,
Robertson-1-1 East Robertson Elementary School,Robertson-01-1 East Robertson,
Robertson-10-1 South Haven Christian School,Robertson-10-1 South Haven,
Robertson-11-1 Westside School,Robertson-11-1 Westside,
Robertson-11-2 Heads Free Will Baptist Church,Robertson-11-2 Heads,
Robertson-12-1 Bransford School,Robertson-12-1 Bransford,
Robertson-2-1 Robert F. Woodall Elementary School,Robertson-02-1 Woodall,
Robertson-3-1 Ebenezer Baptist Church,Robertson-03-1 Ebenezer,
Robertson-3-2 White House Heritage HS,Robertson-03-2 Heritage,
Robertson-4-1 Watauga Elementary School,Robertson-04-1 Watauga,
Robertson-5-1 Greenbrier High School,Robertson-05-1 Greenbrier,
Robertson-6-1 Coopertown Middle School,Robertson-06-1 Coopertown,
Robertson-6-2 Mt. Sharon C.P. Church,Robertson-06-2 Mt. Sharon,
Robertson-7-1 Jo Byrns Elementary School,Robertson-07-1 Jo Byrns,
Robertson-7-2 Stroudsville Church of Christ,Robertson-07-2 Stroudsville,
Robertson-8-1 Krisle School,Robertson-08-1 Krisle,
Robertson-8-2 H.A.T.S,Robertson-08-2 HATS,
Robertson-8-3 Owens Chapel Fellowship Hall,Robertson-08-3 Owens Chapel,
Robertson-9-1 Robertson County Fair Assoc.,Robertson-09-1 Fair Assoc.,
Rutherford-1-1 LaVergne Lake Elementary School,Rutherford-1-1,
Rutherford-10-1 Rock Springs Elementary School,Rutherford-10-1,
Rutherford-10-2 Lifepoint Church,Rutherford-10-2,
Rutherford-11-1 Smyrna Middle School,Rutherford-11-1,
Rutherford-11-2 StewartsboroElementary School,Rutherford-11-2,
Rutherford-12-1 TN National Guard Armory,Rutherford-12-1,
Rutherford-12-2 Smyrna Elementary School,Rutherford-12-2,
Rutherford-12-3 LaVergne High School,Rutherford-12-3,
Rutherford-13-1 Bellwood-Bowdoin Pre-School,Rutherford-13-1,
Rutherford-13-2 Cason Lane Academy,Rutherford-13-2,
Rutherford-14-1 Siegel Middle School,Rutherford-14-1,
Rutherford-14-2 Siegel Elementary School,Rutherford-14-2,
Rutherford-15-1 John Pittard Elementary,Rutherford-15-1,
Rutherford-15-2 Northfield Elementary School,Rutherford-15-2,
Rutherford-16-1 Central Magnet School,Rutherford-16-1,
Rutherford-16-2 Mitchell-Neilson Primary School,Rutherford-16-2,
Rutherford-16-3 Lane Agri-Park,Rutherford-16-3,
Rutherford-17-1 North Boulevard Church of Christ,Rutherford-17-1,
Rutherford-17-2 Kingwood Heights Church of Christ,Rutherford-17-2,
Rutherford-17-3 Wesley Foundation,Rutherford-17-3,
Rutherford-18-1 Patterson Park Community Center,Rutherford-18-1,
Rutherford-18-2 Riverdale High School,Rutherford-18-2,
Rutherford-19-1 Creekmont General Baptist Church,Rutherford-19-1,
Rutherford-19-2 New Vision Baptist Church,Rutherford-19-2,
Rutherford-2-1 Lascassas Elementary School,Rutherford-2-1,
Rutherford-2-2 Wilson Elementary School,Rutherford-2-2,
Rutherford-2-3 Milton Fire Station,Rutherford-2-3,
Rutherford-20-1 Blackman United Methodist Church,Rutherford-20-1,
Rutherford-20-2 Blackman High School,Rutherford-20-2,
Rutherford-21-1 Hobgood Elementary School,Rutherford-21-1,
Rutherford-21-2 BlackFox Elementary School,Rutherford-21-2,
Rutherford-3-1 Leanna Church of Christ,Rutherford-3-1,
Rutherford-3-2 Old Jefferson Church of Christ,Rutherford-3-2,
Rutherford-4-1 Kittrell Elementary School,Rutherford-4-1,
Rutherford-4-2 North Boulevard Church of Christ,Rutherford-4-2,
Rutherford-4-3 Oakland Middle School,Rutherford-4-3,
Rutherford-4-4 Bud's Tire,Rutherford-4-4,
Rutherford-5-1 Cedar Grove Elementary School,Rutherford-5-1,
Rutherford-5-2 LaVergne Middle School,Rutherford-5-2,
Rutherford-6-1 Whitworth-Buchannan Middle School,Rutherford-6-1,
Rutherford-6-2 Christiana Middle School,Rutherford-6-2,
Rutherford-7-1 New Heights Chapel,Rutherford-7-1,
Rutherford-7-2 Barfield Elementary School,Rutherford-7-2,
Rutherford-8-1 Rockvale Middle School,Rutherford-8-1,
Rutherford-8-2 Eagleville Community Center,Rutherford-8-2,
Rutherford-8-3 Lebanon Campground Church,Rutherford-8-3,
Rutherford-8-4 Crescent Church of Christ,Rutherford-8-4,
Rutherford-9-1 Stewarts Creek Elementary School,Rutherford-9-1,
Rutherford-9-2 Browns Chapel Elementary School,Rutherford-9-2,
Sequatchie-3 Court House,Sequatchie-3 Courthouse,
Sequatchie-7 City Justice Center,Sequatchie-7 Ewton's Annex,
Sevier-Boyd's Creek 2,Sevier-10-1 Boyds Creek,
Sevier-Catlettsburg 1,Sevier-7-1 Catlettsburg,
Sevier-Catlettsburg 2,Sevier-7-2 Catlettsburg,
Sevier-Caton's Chapel 1,Sevier-1-1 Caton's Chapel,
Sevier-Catons Chapel 2,Sevier-1-2 Caton's Chapel,
Sevier-DuPont 2,Sevier-10-3 DuPont,
Sevier-Gatlinburg 2,Sevier-11-1 Gatlinburg,
Sevier-Harrisburg 2,Sevier-3-1 Harrisburg,
Sevier-Jones Cove 1,Sevier-1-3 Jones Cove,
Sevier-Jones Cove 2,Sevier-1-4 Jones Cove,
Sevier-Kodak 1,Sevier-8-1 Kodak,
Sevier-Kodak 2,Sevier-8-2 Kodak,
Sevier-Middle School 2,Sevier-5-1 Sevierville,*
Sevier-New Center 1,Sevier-3-2 New Center,
Sevier-Pigeon Forge 2,Sevier-4-1 Pigeon Forge,
Sevier-Pittman Center 1,Sevier-11-2 Pittman Center,
Sevier-Senior Citizens 2,Sevier-5-2 Senior Center,
Sevier-Sevierville Elementary,Sevier-4-2 Sevierville Elementary,
Sevier-Seymour Intm. Sch. 2,Sevier-6-1 Seymour,
Sevier-Seymour Primary Sch. 2,Sevier-9-1 Seymour Primary,
Sevier-Underwood 1,Sevier-8-3 Underwood,
Sevier-Waldens Creek 2,Sevier-2-1 Waldens Creek,
Sevier-Walnut Grove 2,Sevier-7-3 Walnut Grove,
Sevier-Wearwood 2,Sevier-2-2 Wearwood,
Sevier-Whites 2,Sevier-10-2 Whites,
Shelby-Brunswick 1,Shelby-Brunswick 01,
Shelby-Brunswick 2,Shelby-Brunswick 02,
Shelby-Collierville 1,Shelby-Collierville 01,
Shelby-Collierville 2,Shelby-Collierville 02,
Shelby-Collierville 3,Shelby-Collierville 03,
Shelby-Collierville 4,Shelby-Collierville 04,
Shelby-Collierville 5,Shelby-Collierville 05,
Shelby-Collierville 6,Shelby-Collierville 06,
Shelby-Collierville 7,Shelby-Collierville 07,
Shelby-Collierville 8,Shelby-Collierville 08,
Shelby-Collierville 9,Shelby-Collierville 09,
Shelby-Cordova 3,Shelby-Cordova 03,
Shelby-Cordova 4,Shelby-Cordova 04,
Shelby-Cordova 5,Shelby-Cordova 05,
Shelby-Forest Hills 1,Shelby-Forest Hills 01,
Shelby-Forest Hills 2,Shelby-Forest Hills 02,
Shelby-Forest Hills 3,Shelby-Forest Hills 03,
Shelby-Lakeland 1,Shelby-Lakeland 01,
Shelby-Lakeland 2,Shelby-Lakeland 02,
Shelby-Lucy 1,Shelby-Lucy 01,
Shelby-Lucy 3,Shelby-Lucy 03,
Shelby-McConnells,Shelby-McConnell's,
Shelby-Memphis 47-1,Shelby-Memphis 47,
Shelby-Millington 1,Shelby-Millington 01,
Shelby-Millington 2,Shelby-Millington 02,
Shelby-Ross Store 05,Shelby-Ross 05,
Shelby-Ross Store 13,Shelby-Ross 13,
Shelby-Ross Store 14,Shelby-Ross 14,
Shelby-Ross Store 15,Shelby-Ross 15,
Shelby-Ross Store 16,Shelby-Ross 16,
Stewart-4-1 Family Life Center,Stewart-4-1 Church Street,
Stewart-6-1 County Library,Stewart-6-1 Public Library,
Sumner-1001 Walton Ferry Elementary,Sumner-10-1 Walton Ferry,
Sumner-1002 Merrol Hyde Magnet School,Sumner-10-2 Merrol Hyde,
Sumner-101 Westmoreland Middle,Sumner-1-1 Westmoreland,
Sumner-103 Corinth Church of Christ,Sumner-1-3 Corinth,
Sumner-1101 Beech High School Annex,Sumner-11-1 Beech,
Sumner-1102 Church of the Nazarene,Sumner-11-2 Goodlettsville,
Sumner-1103 Millersville Community Center,Sumner-11-3 Millersville,
Sumner-1201 Oakmont Elementary,Sumner-12-1 Oakmont,
Sumner-1203 White House Middle School,Sumner-12-3 White House,
Sumner-202 Portland High School,Sumner-2-1 Portland,
Sumner-203 Wiseman Elementary,Sumner-2-2 Wiseman,
Sumner-301 Gallatin Civic Center,Sumner-3-1 Civic Center,
Sumner-303 Creekside Fellowship,Sumner-3-3 Creekside,
Sumner-401 Howard Elementary School,Sumner-4-1 Howard,
Sumner-402 Station Camp High School,Sumner-4-2 Station Camp,
Sumner-403 Cottontown Fire Hall,Sumner-4-3 Cottontown,
Sumner-404 Union Elementary,Sumner-4-4 Union,
Sumner-501 First Baptist Gallatin,Sumner-5-1 FB Gallatin,
Sumner-502 Guild Elementary,Sumner-5-2 Guild,
Sumner-601 Vol State College,Sumner-6-1 Vol State,
Sumner-602 Gallatin Sr. High School,Sumner-6-2 Gallatin HS,
Sumner-603 Jack Anderson Elementary,Sumner-6-3 Jack Anderson,
Sumner-701 Whitten Elementary,Sumner-7-1 Whitten,
Sumner-703 Long Hollow Baptist Church,Sumner-7-3 Long Hollow,
Sumner-801 Brown Elementary,Sumner-8-1 Brown,
Sumner-802 Hawkins Middle School,Sumner-8-2 Hawkins,
Sumner-901 Hendersonville High School,Sumner-9-1 Hendersonville,
Sumner-902 Indian Lake Elementary,Sumner-9-2 Indian Lake,
Tipton-01 N. E. Covington,Tipton-1-1 NE Covington,
Tipton-03 S.E. Covington,Tipton-2-3 SE Covington,
Tipton-06 Tipton West,Tipton-3-6 Tipton West,
Tipton-11 Atoka,Tipton-4-11 Atoka,
Tipton-12 Munford,Tipton-5-12 Munford,
Tipton-14 Southwest Tipton,Tipton-6-14 SW Tipton,
Tipton-19 Austin Peay,Tipton-7-19 Austin Peay,
Tipton-21 W. Wilkinsville,Tipton-8-21 Wilkinsville,
Tipton-22 Brighton,Tipton-9-22 Brighton,
Trousdale-1 Senior Center,Trousdale-01 Senior Center,
Trousdale-2 Cato,Trousdale-02 Cato,
Trousdale-3 Beech Grove,Trousdale-03 Beech Grove,
Trousdale-4 Halltown,Trousdale-04 Halltown,
Trousdale-5 Templow,Trousdale-05 Templow,
Trousdale-6 Walnut Grove,Trousdale-06 Walnut Grove,
Trousdale-7 High School,Trousdale-07 High School,
Trousdale-8 Willard,Trousdale-08 Willard,
Trousdale-9 City,Trousdale-09 City,
Union-1-1 Union County High School,Union-1-1 UCHS,
Union-2-2 Luttrell Elementary School,Union-2-1 Luttrell,
Union-3-2 Cedar Grove Community Cen.,Union-3-1 Cedar Grove,
Union-3-3 Brock Community Center,Union-3-2 Brock,
Union-4-7 Big Ridge Elementary Sch.,Union-4-1 Big Ridge,
Union-5-10 Sharps Chapel Elementary,Union-5-1 Sharps Chapel,
Union-5-13 Braden Chapel Church,Union-5-2 Braden Chapel,
Union-6-6 Paulette Elementary School,Union-6-1 Paulette,
Union-7-1 Plainview Community Center,Union-7-1 Plainview,
Van Buren-Cedar Grove Community Cntr.,Van Buren-Cedar Grove,
Van Buren-Cummingsville Community Cntr,Van Buren-Cummingsville,
Van Buren-Fall Creek Falls Comm. Center,Van Buren-Fall Creek Falls,
Van Buren-Piney Fire Hall,Van Buren-Piney,
Van Buren-White Hill Community Cntr.,Van Buren-White Hill,
Warren-01-1 Christ Community Church,Warren-1-1 Christ Community Church,
Warren-02-1 Courthouse,Warren-2-1 Courthouse,
Warren-02-2 Warren County Airport,Warren-2-2 Airport,
Warren-03-1 Westwood Church of Christ,Warren-3-1 Westwood,
Warren-03-2 Smartt First Baptist Church,Warren-3-2 Smartt,
Warren-04-1 TSU Nursery Res. Center,Warren-4-1 TSU,
Warren-05-1 Three Star Mall,Warren-5-1 Mall,
Warren-05-2 Chamber of Commerce,Warren-5-2 Chamber,
Warren-06-1 Caney Fork Electric Auditorium,Warren-6-1 Caney Fork,
Warren-07-1 Friendship The Baptist Church,Warren-7-1 Friendship,
Warren-08-1 Shellsford Baptist Church,Warren-8-1 Shellsford,
Warren-08-3 Bonner Church of Christ,Warren-8-3 Bonner,
Warren-09-1 Morrison Ruritan Club,Warren-9-1 Morrison,
Warren-09-2 Viola Valley Comm. Center,Warren-9-2 Viola,
Warren-10-1 Centertown United Methodist Church,Warren-10-1 Centertown UMC,
Warren-10-2 Centertown Comm. Ctr.,Warren-10-2 Centertown CIC,
Warren-11-1 Midway Community Center,Warren-11-1 Midway,
Warren-11-2 Hwy 56 N Church of Christ,Warren-11-2 Hwy 56 North,
Warren-12-1 Warren Co. Highway Dept,Warren-12-1 Highway Dept,
Warren-12-2 Lucky Community Center,Warren-12-2 Lucky,
Washington-Asbury,Washington-11 Asbury,
Washington-Boones Creek Central,Washington-06 B.C. Central,
Washington-Boones Creek City,Washington-10 B.C. City,
Washington-Boones Creek East,Washington-09 B.C. East,
Washington-Boones Creek West,Washington-05 B.C. West,
Washington-Bowmantown,Washington-03 Bowmantown,
Washington-Carver,Washington-18 Carver,
Washington-Courthouse,Washington-27 Courthouse,
Washington-Embreeville,Washington-31 Embreeville,
Washington-Fairhaven,Washington-26 Fairhaven,
Washington-Fairmont,Washington-17 Fairmont,
Washington-Fall Branch,Washington-01 Fall Branch,
Washington-Grace City,Washington-24 Grace City,
Washington-Grace East,Washington-23 Grace East,
Washington-Grace West,Washington-25 Grace West,
Washington-Gray City,Washington-08 Gray City,
Washington-Gray County,Washington-07 Gray County,
Washington-Harmony,Washington-02 Harmony,
Washington-Henry Johnson 6,Washington-19 Henry Johnson 6,
Washington-Henry Johnson 7,Washington-20 Henry Johnson 7,
Washington-Indian Trail City,Washington-14 Indian Trail,
Washington-Keystone,Washington-21 Keystone,
Washington-Lake Ridge,Washington-16 Lakeridge,
Washington-Lamar,Washington-29 Lamar,
Washington-New Salem,Washington-32 New Salem,
Washington-New Victory,Washington-30 New Victory,
Washington-Princeton,Washington-15 Princeton,
Washington-South Central 6,Washington-34 South Central 6,
Washington-South Central 7,Washington-33 South Central 7,
Washington-South Side,Washington-22 South Side,
Washington-Sulphur Springs,Washington-04 Sulphur Springs,
Washington-Town Acres City,Washington-12 Town Acres City,
Washington-Town Acres County,Washington-35 Town Acres County,
Washington-Visitor's Center,Washington-28 Visitor's Center,
Washington-Woodland,Washington-13 Woodland,
Wayne-1 Waynesboro City,Wayne-1-1 Waynesboro,
Wayne-2 Clifton,Wayne-2-1 Clifton,
Wayne-3 Beech Creek Fire Hall,Wayne-3-1 Beech Creek,
Wayne-3 Crazy Horse,Wayne-3-2 Crazy Horse,
Wayne-3 Eagle Creek Fire Hall,Wayne-3-3 Eagle Creek,
Wayne-4 Collinwood City,Wayne-4-1 Collinwood,
Wayne-4 Shawnatee,Wayne-4-2 Shawnettee,
Wayne-5 Big Cypress,Wayne-5-1 Big Cypress,
Wayne-5 Lutts,Wayne-5-2 Lutts,
Wayne-5 Woodman Building,Wayne-5-3 Woodmen,
Wayne-6 Holly Creek Fire Hall,Wayne-6-1 Holly Creek,
Wayne-6 Southgate Fire Hall,Wayne-6-2 South Gate,
Wayne-7 Buffalo River Fire Dept.,Wayne-7-1 Buffalo River,
Wayne-7 Ovilla Fire Hall,Wayne-7-2 Ovilla,
Weakley-01A Palmersville Fire Station,Weakley-1A Palmersville,
Weakley-01B Latham Vol. Fire Dept.,Weakley-1B Latham,
Weakley-02 Gleason Community Building,Weakley-2A Gleason,
Weakley-03 Greenfield First Baptist Church,Weakley-3A Greenfield,
Weakley-04 Sharon First Baptist Church,Weakley-4A Sharon,
Weakley-05  Martin Church of Christ,Weakley-5A Martin CoC,
Weakley-06 Martin Trinity Presbyterian Church,Weakley-6A Trinity,
Weakley-07 Martin Shepardsfield Church,Weakley-7A Martin Shepherd's,
Weakley-08 Martin First United Methodist Church,Weakley-8A Martin FUMC,
Weakley-09 Dresden First United Methodist Church,Weakley-9A Dresden,
"White-1-1 Sparta Civic Center, City",White-1-1 Sparta Civic,
"White-1-2 Sparta Civic Center, County",White-1-2 Sparta Civic,
"White-2-1 Ag Fair Complex, City",White-2-1 Ag Fair Complex,
"White-2-2 Woodland Park School, County",White-2-2 Woodland Park,
"White-3-1 Ag Fair Complex, County",White-3-1 Ag Fair Complex,
"White-4-1 Woodland Park School, County",White-4-1 Woodland Park,
"White-4-2 Bondecroft School, County",White-4-2 Bondecroft,
"White-5-1 Doyle Civic Center Hall, County",White-5-1 Doyle Civic,
"White-6-1 Central View School, County",White-6-1 Central View,
"White-6-2 Cassville School, County",White-6-2 Cassville,
"White-7-1 Northfield School, County",White-7-1 Northfield,
Williamson-1-1 Westwood Elementary School,Williamson-1-1,
Williamson-1-2 Fairview Recreation Center,Williamson-1-2,
Williamson-1-3 Old Pinewood School,Williamson-1-3,
Williamson-1-4 Burwood Community Center,Williamson-1-4,
Williamson-1-5 The Church of Spring Hill,Williamson-1-5,
Williamson-10-1 Franklin Recreation Complex,Williamson-10-1,
Williamson-10-2 Liberty Elementary School,Williamson-10-2,
Williamson-10-3 Hunter's Bend Elementary School,Williamson-10-3,
Williamson-11-1 Franklin Elementary School,Williamson-11-1,
Williamson-11-2 Robert Ring Indoor Soccer Complex,Williamson-11-2,
Williamson-11-3 Winstead Elementary School,Williamson-11-3,
Williamson-12-1 Franklin Community of Faith Church,Williamson-12-1,
Williamson-12-2 The Church of the City-Franklin,Williamson-12-2,
Williamson-12-3 The Gate Community Church,Williamson-12-3,
Williamson-2-1 Bethesda Recreation Center,Williamson-2-1,
Williamson-2-2 Thompson Station Baptist Church,Williamson-2-2,
Williamson-2-3 Oakview Elementary School,Williamson-2-3,
Williamson-2-4 College Grove Community Center,Williamson-2-4,
Williamson-2-5 Conduit Church,Williamson-2-5,
Williamson-3-1 Heritage Elementary School,Williamson-3-1,
Williamson-3-2 Longview Recreation Center,Williamson-3-2,
Williamson-3-3 Chapman's Retreat Elementary School,Williamson-3-3,
Williamson-4-1 Prairie Life Fitness Center,Williamson-4-1,
Williamson-4-2 Millview Church of Christ,Williamson-4-2,
Williamson-4-3 Franklin Christian Church,Williamson-4-3,
Williamson-5-1 Sunset Elementary School,Williamson-5-1,
Williamson-5-2 Nolensville Methodist Church,Williamson-5-2,
Williamson-5-3 Triune Baptist Church,Williamson-5-3,
Williamson-5-4 Nolensville Baptist Church,Williamson-5-4,
Williamson-6-1 Brentwood Library,Williamson-6-1,
Williamson-6-2 Brentwood Safety Center,Williamson-6-2,
Williamson-6-3 Holy Family Catholic Church,Williamson-6-3,
Williamson-7-1 Brenthaven Church,Williamson-7-1,
Williamson-7-2 Baptist Children's Home,Williamson-7-2,
Williamson-7-3 New Hope Community Church,Williamson-7-3,
Williamson-8-1 Grassland Middle School,Williamson-8-1,
Williamson-8-2 First Presbyterian Church,Williamson-8-2,
Williamson-8-3 Episcopal Church,Williamson-8-3,
Williamson-9-1 Walnut Grove Elementary School,Williamson-9-1,
Williamson-9-2 Benton Hall School,Williamson-9-2,
Williamson-9-3 Westhaven Clubhouse,Williamson-9-3,
Williamson-9-4 Grace Chapel Church,Williamson-9-4,
Williamson-9-5 Independence High School,Williamson-9-5,
