,COUNTY,NAME
164,Anderson,South Clinton
1766,Anderson,Pine Valley
1767,Anderson,Emory Valley
1768,Anderson,Hendrix Creek
1769,Anderson,Robertsville
1789,Anderson,Norwood
179,Anderson,Fairview
1765,Anderson,Oak Ridge City Hall
180,Anderson,Norris
182,Anderson,Rocky Top
183,Anderson,Dutch Valley
184,Anderson,Clinton Middle School
185,Anderson,North Clinton
1788,Anderson,Marlow
1771,Anderson,Highland View
181,Anderson,Lake City Middle School
1764,Anderson,West Hills
1770,Anderson,Woodland
1790,Anderson,Briceville
1805,Anderson,Rosedale
171,Anderson,Glenwood
170,Anderson,Glen Alpine
169,Anderson,Andersonville
168,Anderson,Claxton
167,Anderson,Bull Run
166,Anderson,Clinton High
165,Anderson,Clinton
186,Bedford,101 Wartrace Baptist Church
189,Bedford,303 Unionville Fire Hall
190,Bedford,403 Bedford Community Center
191,Bedford,601 East Side School
198,Bedford,102 Bell Buckle/Webb School
188,Bedford,502 Flat Creek Community Center
199,Bedford,203 Fairhaven Baptist Church
197,Bedford,701 Deery Eakin School
187,Bedford,801 Thomas School
200,Bedford,505 Normandy Baptist Church
201,Bedford,902 Southside School
207,Benton,4 Camden Elementary School
202,Benton,6 Big Sandy School
203,Benton,5 Camden Public Library
204,Benton,1 Holladay School
205,Benton,3 Camden City Hall
206,Benton,2 Camden Jr High
208,Bledsoe,Lee Station
223,Bledsoe,Cold Springs
211,Bledsoe,Brayton
212,Bledsoe,Dill
213,Bledsoe,Griffith
214,Bledsoe,Nine Mile
225,Bledsoe,Rigsby
224,Bledsoe,Mt. Crest
210,Bledsoe,Lusk
209,Bledsoe,Pikeville
215,Bledsoe,Luminary
216,Bledsoe,Bellview
246,Blount,Alcoa High School
1724,Blount,Pellissippi Campus
1723,Blount,William Blount High
245,Blount,Rockford
1713,Blount,Louisville
8,Blount,Chilhowee View
7,Blount,Heritage
6,Blount,Maryville High School
226,Blount,Fairview
5,Blount,Lanier
4,Blount,Everett
3,Blount,Martin Luther King
1573,Blount,Carpenters
1572,Blount,Middlesettlements
252,Blount,Friendsville
73,Blount,Prospect
1722,Blount,William Blount Academy
71,Blount,John Sevier
247,Blount,Board of Education
248,Blount,Maryville Junior High
250,Blount,Oak Street
251,Blount,Maryville Municipal
229,Blount,Oak View
228,Blount,Townsend
227,Blount,Eagleton Cafeteria
72,Blount,Maryville College
249,Blount,Mentor
70,Blount,Porter
69,Blount,Montvale
68,Blount,Walland
27,Blount,Big Springs
110,Bradley,201 E.L. Ross School
1811,Bradley,101 McDonald Ruritan
132,Bradley,502 5 Points Museum
111,Bradley,202 Walker Valley High
131,Bradley,301 Lee University
112,Bradley,302 Senior Center
105,Bradley,501 Blythe/Bower School
106,Bradley,602 Blue Springs School
130,Bradley,402 Michigan Ave School
108,Bradley,103 Hopewell School
109,Bradley,701 Stuart School
1817,Bradley,604 Black Fox School
107,Bradley,102 Prospect School
129,Bradley,702 Cleveland High
74,Bradley,601 Valley View School
75,Bradley,401 Oak Grove School
76,Bradley,603 Waterville School
218,Campbell,Pinecrest
35,Campbell,Jellico
1787,Campbell,Clinchmore
34,Campbell,Newcomb
217,Campbell,Jacksboro Station
32,Campbell,Habersham
145,Campbell,College Hill
146,Campbell,Caryville
33,Campbell,White Oak
148,Campbell,Valley View
219,Campbell,Ridgewood
147,Campbell,West LaFollette
10,Campbell,Jacksboro
28,Campbell,Campbell County High School
29,Campbell,Demory
9,Campbell,East LaFollette
30,Campbell,Alder Springs
31,Campbell,Well Springs
150,Campbell,LaFollette Elementary School
149,Campbell,Elk Valley
36,Cannon,Gassaway
37,Cannon,4 Short Mountain
38,Cannon,Westside
39,Cannon,Eastside
40,Cannon,Woodland
41,Cannon,Auburntown
42,Cannon,Pleasant Ridge
77,Cannon,Woodbury
43,Cannon,2 Short Mountain
45,Carroll,17 Senior Citizens
46,Carroll,12 Bruceton
90,Carroll,2 Trezevant
89,Carroll,20 Westport
88,Carroll,21 Church of Christ
87,Carroll,1 Lavinia
86,Carroll,18 Cannon
85,Carroll,5 Cedar Grove
84,Carroll,9 Huntingdon Police Station
83,Carroll,22 McKenzie City hall
44,Carroll,8 Civic Center
80,Carroll,11 Buena Vista
113,Carroll,7 Macedonia
82,Carroll,16 Atwood
115,Carroll,19 Concord
79,Carroll,6 Clarksburg
78,Carroll,13 Hollow Rock
114,Carroll,14 Vale
81,Carroll,4 McLemoresville
1931,Carter,Harold McCormick
1932,Carter,Valley Forge
1933,Carter,Eastside
1934,Carter,Hampton
1935,Carter,Roan Mountain
1945,Carter,Siam
1946,Carter,Hunter
1947,Carter,Keenburg
1948,Carter,Court House
1936,Carter,Elk Mills
1937,Carter,Little Milligan
1959,Carter,Westside
1929,Carter,Range
1852,Carter,Watauga
1924,Carter,Midway
1958,Carter,Happy Valley
1930,Carter,National Guard Armory
1851,Carter,Central
1926,Carter,Tiger Valley
1927,Carter,Gap Creek
1925,Carter,Unaka
1928,Carter,High School
53,Cheatham,1-1 Cheatham Co Library
48,Cheatham,3-1 Pleasant View City Hall
47,Cheatham,4-3 Sycamore Middle School
11,Cheatham,5-1 Greenbrier Church of Christ
52,Cheatham,5-2 Pegram City Hall
51,Cheatham,6-1 Harpeth High School
50,Cheatham,4-1 West Cheatham Elementary
49,Cheatham,2-1 East Cheatham Elementary
61,Chester,6-1 City Hall
62,Chester,2-1 Jacks Creek
59,Chester,3-6 Deanburg
63,Chester,1-5 Sweet Lips
91,Chester,1-6 Harmony
58,Chester,4-1 West Chester School
57,Chester,2-2 Friendship
56,Chester,3-2 Montezuma
55,Chester,1-2 Enville
54,Chester,5-1 East Chester School
60,Chester,3-4 Masseyville
116,Claiborne,7-2 Cumberland Gap
120,Claiborne,4-2 Howard's Quarter
119,Claiborne,2-1 Clouds
117,Claiborne,1-1 Tazewell
93,Claiborne,9-1 Clairfield
98,Claiborne,3-1 Lone Mountain
97,Claiborne,3-2 New Tazewell
96,Claiborne,2-2 Goin
95,Claiborne,6-1 Harrogate
94,Claiborne,5-1 Big Spring Union
92,Claiborne,7-1 Arthur
121,Claiborne,4-3 Liberty
99,Claiborne,8-2 Vanbebber Springs
122,Claiborne,8-1 Rogers Mill
118,Claiborne,2-3 Sandlick
1556,Claiborne,4-4 Springdale
123,Clay,4-1 Maple Grove
135,Clay,2 Hermitage Springs
134,Clay,4-2 Butlers Landing
124,Clay,5-1 Arcot/Beech Bethany
126,Clay,5-2 Pea Ridge
133,Clay,3 Celina
125,Clay,1 Dentons Cross Roads
154,Cocke,Cosby
153,Cocke,Edwina
172,Cocke,Parrottsville
155,Cocke,Armory
156,Cocke,Edgemont
152,Cocke,Grassy Fork
151,Cocke,Northport
176,Cocke,Rankin
140,Cocke,Smoky Mountain
141,Cocke,Newport Grammar School
138,Cocke,Centerview
137,Cocke,Cocke County High School
157,Cocke,Forest Hill
158,Cocke,West End
159,Cocke,Bridgeport
136,Cocke,Long Creek
160,Cocke,Houston Valley
139,Cocke,Del Rio
177,Cocke,Central
1729,Coffee,15 Grace Baptist Church
1578,Coffee,13-4 Grace Baptist Center
173,Coffee,16 Lions Club
1577,Coffee,18 First Christian Church
174,Coffee,05 Hillsboro Community Center
175,Coffee,06 Tennessee Vocational Center
1576,Coffee,13-2 Grace Baptist Center
235,Coffee,12 North Coffee Elementary School
237,Coffee,14 Hickerson Fire Hall
236,Coffee,13-1 Blanton's Chapel Community Center
234,Coffee,11 Freedonia Community Center
232,Coffee,01 Ada Right Center
231,Coffee,03 Trinity Baptist Church
230,Coffee,04 First Baptist Church
222,Coffee,21 Wilson Avenue Church of Christ
221,Coffee,20 Coffee County Senior Citizens
220,Coffee,02 Saint Paul United Methodist Church
192,Coffee,19 CD Stamps Center
193,Coffee,08 New Union Fire Hall
194,Coffee,9-1 Pocahontas Community Center
195,Coffee,9-2 Summitville Community Center
196,Coffee,17 National Guard Armory
178,Coffee,07 Forrest Mill Church of Christ Activity Center
233,Coffee,10 Mt. Ararat Baptist Church
0,Crockett,8
238,Crockett,4
254,Crockett,10
253,Crockett,9
244,Crockett,3
243,Crockett,5
242,Crockett,12
241,Crockett,11
240,Crockett,2
239,Crockett,1
1,Crockett,6
255,Crockett,7
17,Cumberland,Homestead
1776,Cumberland,Ozone-Pineview
1777,Cumberland,Chestnut Hill
1778,Cumberland,Fairfield Glade North
12,Cumberland,Grassy Cove
16,Cumberland,Tansi
2,Cumberland,Mayland
18,Cumberland,Dorton
13,Cumberland,Linary
1796,Cumberland,Crab Orchard Town Hall
14,Cumberland,Big Lick
19,Cumberland,Complex 2
1774,Cumberland,Rinnie
23,Cumberland,Pleasant Hill
22,Cumberland,Midway
21,Cumberland,Lantana
1775,Cumberland,Tabor
25,Cumberland,Bakers
24,Cumberland,Pomona
1773,Cumberland,Woody
1753,Cumberland,Fairfield Glade South
15,Cumberland,Vandever
20,Cumberland,Cornerstone Baptist Church
1772,Cumberland,Oak Hill
733,Davidson,18-3
631,Davidson,17-1
630,Davidson,16-5
621,Davidson,16-4
620,Davidson,16-3
734,Davidson,3-Mar
360,Davidson,1-Aug
359,Davidson,6-Jul
358,Davidson,5-Jul
618,Davidson,16-1
732,Davidson,18-2
619,Davidson,16-2
632,Davidson,17-2
342,Davidson,3-Jul
634,Davidson,17-4
418,Davidson,2-Mar
417,Davidson,1-Mar
688,Davidson,14-1
687,Davidson,13-4
706,Davidson,14-4
707,Davidson,14-5
686,Davidson,13-3
681,Davidson,13-2
680,Davidson,13-1
679,Davidson,5-Dec
461,Davidson,1-Apr
462,Davidson,2-Apr
463,Davidson,3-Apr
464,Davidson,4-Apr
473,Davidson,1-May
474,Davidson,2-May
475,Davidson,3-May
476,Davidson,4-May
671,Davidson,4-Dec
670,Davidson,17-7
669,Davidson,17-6
668,Davidson,17-5
730,Davidson,15-1
731,Davidson,18-1
343,Davidson,4-Jul
498,Davidson,4-Feb
499,Davidson,5-Feb
500,Davidson,20-1
501,Davidson,20-2
633,Davidson,17-3
704,Davidson,14-2
705,Davidson,14-3
340,Davidson,1-Jul
65,Davidson,6-Oct
66,Davidson,1-Nov
304,Davidson,2-Aug
303,Davidson,3-Jun
302,Davidson,2-Jun
301,Davidson,1-Jun
67,Davidson,2-Nov
100,Davidson,2-Dec
161,Davidson,4-Jan
144,Davidson,1-Dec
341,Davidson,2-Jul
562,Davidson,19-1
563,Davidson,19-2
293,Davidson,5-May
564,Davidson,19-3
573,Davidson,1-Feb
565,Davidson,19-4
101,Davidson,3-Dec
572,Davidson,19-6
571,Davidson,19-5
102,Davidson,1-Jan
103,Davidson,2-Jan
104,Davidson,3-Jan
127,Davidson,2-Oct
128,Davidson,3-Oct
143,Davidson,4-Nov
609,Davidson,15-2
162,Davidson,5-Jan
142,Davidson,3-Nov
324,Davidson,1-Sep
612,Davidson,15-5
64,Davidson,5-Oct
611,Davidson,15-4
163,Davidson,1-Oct
26,Davidson,4-Oct
336,Davidson,4-Mar
756,Davidson,18-4
757,Davidson,18-5
758,Davidson,2-Feb
759,Davidson,3-Feb
610,Davidson,15-3
313,Davidson,4-Aug
312,Davidson,3-Aug
337,Davidson,5-Mar
338,Davidson,6-Mar
339,Davidson,5-Jun
523,Davidson,20-3
524,Davidson,21-1
327,Davidson,4-Jun
325,Davidson,2-Sep
689,Davidson,24-1
682,Davidson,23-3
683,Davidson,23-4
438,Davidson,34-5
692,Davidson,24-4
691,Davidson,24-3
690,Davidson,24-2
551,Davidson,22-1
437,Davidson,34-3
684,Davidson,23-5
603,Davidson,25-3
457,Davidson,35-3
613,Davidson,26-2
614,Davidson,26-3
615,Davidson,26-4
622,Davidson,27-1
623,Davidson,27-2
624,Davidson,27-3
525,Davidson,21-2
605,Davidson,26-1
635,Davidson,22-2
604,Davidson,25-4
636,Davidson,22-3
591,Davidson,25-2
590,Davidson,25-1
637,Davidson,22-4
589,Davidson,24-6
574,Davidson,24-5
672,Davidson,23-1
673,Davidson,23-2
458,Davidson,35-4
456,Davidson,35-2
256,Davidson,31-4
549,Davidson,21-3
708,Davidson,28-1
550,Davidson,21-4
376,Davidson,31-2
355,Davidson,30-1
374,Davidson,30-4
1706,Davidson,33-1
709,Davidson,28-2
356,Davidson,30-2
414,Davidson,29-2
415,Davidson,29-3
416,Davidson,29-4
388,Davidson,29-1
387,Davidson,28-3
375,Davidson,31-1
258,Davidson,32-2
386,Davidson,31-3
292,Davidson,34-2
275,Davidson,32-3
276,Davidson,32-4
277,Davidson,33-3
278,Davidson,34-4
257,Davidson,32-1
287,Davidson,33-2
279,Davidson,35-1
291,Davidson,34-1
357,Davidson,30-3
288,Davidson,33-4
326,Davidson,3-Sep
366,Decatur,6-1 Parsons
378,Decatur,3-1 Beacon
363,Decatur,3-2 Decaturville
362,Decatur,4-1 Decaturville
361,Decatur,2-2 Scotts Hill
377,Decatur,9-1 Beacon
371,Decatur,7-2 Perryville
364,Decatur,1-1 Dunbar
367,Decatur,7-1 Jeanette
368,Decatur,8-1 Parsons
369,Decatur,9-2 Hydro
370,Decatur,2-1 Liberty
365,Decatur,5-1 Parsons
396,Dekalb,6-2 Keltonburg
394,Dekalb,4-2 Rock Castle
393,Dekalb,2-3 Snows Hill
395,Dekalb,5-1 Johnson Chapel
391,Dekalb,1-2 Temperence Hall
373,Dekalb,2-1 Liberty
392,Dekalb,2-2 Dowelltown
390,Dekalb,1-1 Alexandria
389,Dekalb,7-1 Church of Christ Annex
382,Dekalb,5-2 County Complex
381,Dekalb,4-3 Courthouse
380,Dekalb,6-3 Blue Springs
379,Dekalb,3-1 Church of God
397,Dekalb,6-1 Belk
372,Dekalb,1-3 Edgar Evins State Park
402,Dickson,1-2 Sylvia Baptist Church
400,Dickson,12-2 Greater Things Baptist Church
401,Dickson,10-1 First Baptist Church
403,Dickson,4-1 Jackson Chapel
404,Dickson,2-2 TN City Fire Hall
405,Dickson,12-1 White Bluff Community Center
406,Dickson,9-1 Restoration Church
407,Dickson,3-2 Vanleer Town Hall
419,Dickson,8-1 Senior Citizens
420,Dickson,1-1 Collier House
421,Dickson,6-2 Porter Community Center
439,Dickson,11-1 Tennsco Community Center
422,Dickson,6-1 Burns Church of Christ
423,Dickson,2-1 Eno Community Center
424,Dickson,5-1 White Bluff Civic Center
399,Dickson,3-1 Calvary Chapel
398,Dickson,7-1 Pomona Baptist Church
427,Dyer,J - N Dyersburg
426,Dyer,D1 - Millsfield
434,Dyer,I1 - Community Center
441,Dyer,C1 - Tatumville
442,Dyer,A1 - Bonicord
433,Dyer,H - E. Dyersburg
432,Dyer,A2 - Fowlkes
431,Dyer,E1 - Finley
430,Dyer,B - Newbern
429,Dyer,D2 - Bogota
428,Dyer,E2 - Lenox
459,Dyer,C2 - Trimble
460,Dyer,F - Dyer County Central
465,Dyer,C3 - Roellen
425,Dyer,I2 - Hurricane Hill
440,Dyer,G - Courthouse
468,Fayette,8 Elba
469,Fayette,1 Somerville
470,Fayette,4 Braden
471,Fayette,14 Parks
472,Fayette,13 Moscow
477,Fayette,9 Piperton
478,Fayette,3 Garnett
479,Fayette,15 La Grange
480,Fayette,5 Gallaway
481,Fayette,6 Oakland
482,Fayette,7 Hickory Withe
483,Fayette,2 Fayette Corner
484,Fayette,11 Macon
467,Fayette,12 Williston
466,Fayette,10 Rossville
1803,Fentress,Banner
1781,Fentress,West Fentress
1793,Fentress,Pine Haven
1792,Fentress,Crossroad
1791,Fentress,Allardt
1786,Fentress,Tinchtown
1785,Fentress,Clarkrange
1782,Fentress,Grimsley
486,Fentress,East Jamestown
1780,Fentress,Community Center
1779,Fentress,Armathwaite
1794,Fentress,Courthouse
485,Fentress,Pall Mall
259,Franklin,5-3 Sherwood
260,Franklin,7-1 North Lake
270,Franklin,3-1 Broadview
273,Franklin,2-1 Clark Memorial
272,Franklin,5-1 Keith Springs
271,Franklin,3-2 Huntland
269,Franklin,6-1 Alto/Oak Grove
268,Franklin,8-2 Estill Springs
267,Franklin,7-2 Winchester Springs & Center Grove
266,Franklin,3-3 Walnut Grove
274,Franklin,4-3 Liberty
264,Franklin,6-2 Capitol Hill
265,Franklin,4-2 Cowan
487,Franklin,4-1 Belvidere
488,Franklin,5-2 Sewanee
262,Franklin,8-1 Decherd
261,Franklin,1-1 FC Annex
263,Franklin,6-3 UTSI
310,Gibson,08 St. James Baptist Church
311,Gibson,07 Humboldt Park
285,Gibson,37 Good Luck
314,Gibson,04 Gibson
315,Gibson,24 Moore's Chapel
309,Gibson,13 Fruitland
308,Gibson,40 Rutherford
307,Gibson,17 Yorkville
286,Gibson,32 Bradford
306,Gibson,39 Currie
300,Gibson,20 CourtHouse
289,Gibson,30 Milan Assembly/God
316,Gibson,01 Medina
290,Gibson,29 Milan Polk Clark
294,Gibson,31 Milan Muni Bldg
295,Gibson,09 Humboldt Lane Chapel
296,Gibson,27 Skullbone
297,Gibson,34 Laneview
305,Gibson,38 Dyer
284,Gibson,26 Union Central
299,Gibson,12 Edison
318,Gibson,10 Humboldt High School
280,Gibson,06 Humboldt Ch of Chr
317,Gibson,18 Kenton
282,Gibson,22 Agri Plex
298,Gibson,14 Brazil
281,Gibson,02 Sitka Community Center
283,Gibson,28 Cumberland Presbyterian Church
321,Giles,2A Minor Hill
329,Giles,4A Lynnville
320,Giles,2B Airport
319,Giles,1B Prospect
330,Giles,4B Odds Fellows Hall
331,Giles,5A TCAT
332,Giles,5B Agri-Park
333,Giles,6A MMC Martin Methodist College
334,Giles,6B BMS Bridgeforth Middle School
335,Giles,7A GCHS Giles County High School
344,Giles,7B Recreation Center
323,Giles,3A Richland Trace Market
328,Giles,3B Campbellsville
322,Giles,1A Ardmore
349,Grainger,1-2 Old Central Point School
345,Grainger,3-1 Blaine City Hall
347,Grainger,1-1 Rutledge Middle School
348,Grainger,4-2 Washburn Ele. School
350,Grainger,5-1 Bean Station Library
346,Grainger,2-2 Grainger High School
352,Grainger,2-1 Bean Station Ele. School
353,Grainger,3-2 Indian Ridge Comm. Blg.
354,Grainger,5-2 Senior Citizens Center
351,Grainger,4-1 Thorn Hill Comm. Blg.
1950,Greene,Baileyton
1942,Greene,Debusk
1941,Greene,Mosheim
1940,Greene,Ottway
1939,Greene,Nolachuckey
1938,Greene,Tusculum View
1908,Greene,Camp Creek
1949,Greene,Chuckey Doak
1903,Greene,Doak
1902,Greene,High School
1901,Greene,Court House
1951,Greene,South Greene
1953,Greene,Chuckey
1955,Greene,McDonald
1943,Greene,Glenwood
1944,Greene,Middle School
1904,Greene,West Pines
408,Grundy,Collins
385,Grundy,Coalmont
384,Grundy,Palmer
383,Grundy,Central
411,Grundy,Tracy
410,Grundy,Monteagle
1559,Grundy,Pelham
1558,Grundy,Beersheba
409,Grundy,Gruetli
1557,Grundy,Altamont
435,Hamblen,1-Apr
436,Hamblen,1-Jan
455,Hamblen,14-1
413,Hamblen,1-Nov
454,Hamblen,13-1
451,Hamblen,1-Oct
452,Hamblen,2-Oct
450,Hamblen,2-Sep
449,Hamblen,1-Sep
448,Hamblen,1-Aug
447,Hamblen,1-Jul
453,Hamblen,1-Dec
445,Hamblen,1-May
446,Hamblen,1-Jun
443,Hamblen,1-Feb
444,Hamblen,1-Mar
412,Hamblen,2-Nov
1684,Hamilton,Harrison 5
1685,Hamilton,Harrison 4
1686,Hamilton,Collegedale 3
1683,Hamilton,Snowhill 1
1682,Hamilton,Meadowview
1617,Hamilton,East Lake
1681,Hamilton,Summit 3
1618,Hamilton,Eastside 1
1688,Hamilton,Harrison 1
1823,Hamilton,Lookout Valley 2
1822,Hamilton,Valdeau 2
1819,Hamilton,Mountain Creek 2
1816,Hamilton,Apison 1
1815,Hamilton,Snowhill 2
1814,Hamilton,Ooltewah 6
1813,Hamilton,Ooltewah 5
1812,Hamilton,Ooltewah 4
1810,Hamilton,Birchwood
1809,Hamilton,Sale Creek
1704,Hamilton,Lookout Mountain
1703,Hamilton,St Elmo 1
1701,Hamilton,Signal Mountain 2
1700,Hamilton,Walden
1699,Hamilton,Valdeau 1
1698,Hamilton,Harrison 2
1697,Hamilton,Harrison 7
1696,Hamilton,Harrison 3
1695,Hamilton,Northwoods 3
1694,Hamilton,Tyner 3
1693,Hamilton,Summit 2
1692,Hamilton,Downtown 3
1691,Hamilton,Murray Hills 2
1690,Hamilton,Alton Park 3
1689,Hamilton,Harrison 6
1687,Hamilton,Collegedale 4
1679,Hamilton,Collegedale 2
1680,Hamilton,Ooltewah 3
1677,Hamilton,Apison 2
1641,Hamilton,East Ridge 3
1642,Hamilton,Brainerd
1643,Hamilton,East Ridge 4
1644,Hamilton,Brainerd Hills
1645,Hamilton,Concord 1
1646,Hamilton,Concord 2
1647,Hamilton,Concord 3
1648,Hamilton,Concord 5
1649,Hamilton,Glenwood
1604,Hamilton,Lookout Valley 1
1603,Hamilton,Mountain Creek 3
1602,Hamilton,Stuart Heights
1650,Hamilton,Eastdale
1651,Hamilton,Ridgeside
1652,Hamilton,Eastgate 1
1653,Hamilton,Eastgate 2
1654,Hamilton,Woodmore 1
1655,Hamilton,Woodmore 2
1656,Hamilton,Airport
1657,Hamilton,East Chattanooga 2
1658,Hamilton,Dalewood
1659,Hamilton,Kingspoint 1
1678,Hamilton,Apison 3
1601,Hamilton,Lupton City
1600,Hamilton,Red Bank 3
1599,Hamilton,Fairmount 2
1661,Hamilton,Lake Hills
1662,Hamilton,Tyner 1
1663,Hamilton,Summit 4
1640,Hamilton,East Ridge 2
1598,Hamilton,Mountain Creek 1
1639,Hamilton,East Ridge 1
1637,Hamilton,Middle Valley 2
1619,Hamilton,Eastside 2
1620,Hamilton,Ridgedale 2
1616,Hamilton,Alton Park 1
1615,Hamilton,Alton Park 2
1614,Hamilton,Red Bank 2
1621,Hamilton,Ridgedale 1
1613,Hamilton,Red Bank 1
1623,Hamilton,Avondale
1624,Hamilton,East Chattanooga 1
1625,Hamilton,Amnicola
1626,Hamilton,Kingspoint 2
1627,Hamilton,Northgate 1
1628,Hamilton,Northgate 2
1629,Hamilton,DuPont
1630,Hamilton,Hixson 3
1612,Hamilton,North Chattanooga 1
1611,Hamilton,North Chattanooga 2
1610,Hamilton,Moccasin Bend
1609,Hamilton,Downtown 1
1631,Hamilton,Hixson 2
1632,Hamilton,Hixson 1
1633,Hamilton,Pleasant Grove 2
1634,Hamilton,Pleasant Grove 1
1635,Hamilton,Ganns
1608,Hamilton,Courthouse 1
1607,Hamilton,Courthouse 2
1606,Hamilton,Downtown 2
1605,Hamilton,St Elmo 2
1636,Hamilton,Middle Valley 1
1638,Hamilton,Missionary Ridge
1597,Hamilton,Signal Mountain 1
1660,Hamilton,Kingspoint 3
1595,Hamilton,Northwoods 1
1583,Hamilton,Concord 4
1582,Hamilton,Murray Hills 1
1581,Hamilton,Riverview
1580,Hamilton,Lakesite
1579,Hamilton,Falling Water
1596,Hamilton,Fairmount 1
1668,Hamilton,East Brainerd 2
1669,Hamilton,Westview 2
1670,Hamilton,Westview 1
1671,Hamilton,Westview 3
1672,Hamilton,Tyner 2
1673,Hamilton,Concord 6
1674,Hamilton,Ooltewah 2
1675,Hamilton,Ooltewah 1
1676,Hamilton,Collegedale 1
1584,Hamilton,Bakewell 1
1667,Hamilton,East Brainerd 1
1622,Hamilton,Bushtown
1664,Hamilton,Bonny Oaks
1589,Hamilton,Mowbray
1590,Hamilton,Dallas 1
1591,Hamilton,Dallas 2
1665,Hamilton,Summit 1
1588,Hamilton,Bakewell 3
1592,Hamilton,Soddy Daisy 2
1666,Hamilton,Concord 7
1594,Hamilton,Northwoods 2
1593,Hamilton,Soddy Daisy 3
1587,Hamilton,Soddy Daisy 1
1585,Hamilton,Flat Top Mountain
1586,Hamilton,Bakewell 2
638,Hancock,4th
626,Hancock,3rd
625,Hancock,5th
640,Hancock,7th
639,Hancock,6th
641,Hancock,1st
627,Hancock,2nd
654,Hardeman,Lacy
653,Hardeman,Pocahontas
652,Hardeman,Hickory Valley
651,Hardeman,Bolivar
650,Hardeman,Grand Junction
647,Hardeman,Silerton
644,Hardeman,Whiteville
649,Hardeman,Hornsby
643,Hardeman,Toone
642,Hardeman,Middleton
648,Hardeman,West Bolivar
645,Hardeman,Saulsbury
646,Hardeman,Dixie Hills
658,Hardin,6-2 Rhodes
656,Hardin,9 Library
655,Hardin,8 North
659,Hardin,5-2 Morris Chapel
657,Hardin,7-2 Walnut Grove
1569,Hardin,2 Nixon
1568,Hardin,1 Olivet
674,Hardin,5-1 Saltillo
675,Hardin,10 Fairground
676,Hardin,7-1 Whites
677,Hardin,6-3 Olive Hill
678,Hardin,6-1 Cerro Gordo
1571,Hardin,4 Crump
1570,Hardin,3 Counce
1956,Hawkins,4 Surgoinsville
1957,Hawkins,2 McPheeter's Bend
1842,Hawkins,5 Rogersville
1909,Hawkins,6 Mooresburg
1883,Hawkins,2 Church Hill
1884,Hawkins,1 Allandale
1897,Hawkins,1 Mount Carmel
1923,Hawkins,4 Dykes
1922,Hawkins,4 Keplar
1921,Hawkins,4 Rogersville North
1920,Hawkins,4 Upper Beech
1919,Hawkins,3 Carter's Valley
1917,Hawkins,3 Watterson
1916,Hawkins,7 St. Clair
1915,Hawkins,7 Cherokee
1912,Hawkins,6 Alumwell
1911,Hawkins,6 Choptack
1910,Hawkins,6 Clinch
1882,Hawkins,7 Bulls Gap
1918,Hawkins,3 Wallace
701,Haywood,09A Stanton City Hall
693,Haywood,10 Haywood Junior High
695,Haywood,03 Jefferson Court Community Building
696,Haywood,02 Parks & Recreation Dept
697,Haywood,04 Chamber Basement
698,Haywood,09B West Side Church of Christ
699,Haywood,06 Wyatt-Duke National Guard Armory
700,Haywood,05 Tibbs Fire Station
710,Haywood,01 Christ Temple Apostolic Church
711,Haywood,08 Douglas Community Center
694,Haywood,07 Delta Heritage Center
720,Henderson,7-11 Reagan
721,Henderson,4-6 Natchez Trace
722,Henderson,2-14 South Haven
719,Henderson,7-13 Scotts Hill
717,Henderson,3-10 Fire Station #10
716,Henderson,2-15 Westover
718,Henderson,3-3 Fire Station #4
714,Henderson,6-8 Broad Street
1567,Henderson,3-7 Darden
713,Henderson,1-2 Beaver
735,Henderson,7-9 Middleburg
736,Henderson,7-12 Sardis
712,Henderson,1-1 Bargerton
715,Henderson,5-5 TN Tech Center
739,Henry,2-2 Mansfield
740,Henry,3-3 Jones Chapel
741,Henry,4-2 City Hall
742,Henry,5-1 HC High School
743,Henry,1-2 Cottage Grove
744,Henry,1-3 Buchanan
745,Henry,2-1 Henry
502,Henry,3-2 Springville
737,Henry,2-3 Oakland
761,Henry,4-1 Grove
760,Henry,5-2 Vo-Tech
738,Henry,1-1 Puryear
746,Henry,3-1 Russwood
748,Hickman,05-3 Shady Grove
752,Hickman,05-2 Middle School
751,Hickman,07-3 Brushy
750,Hickman,01-1 Nunnelly
747,Hickman,02-2 Fairfield
749,Hickman,04-1 Lake Benson Camp
510,Hickman,05-1 Mt. Pleasant
503,Hickman,02-3 East Bank
504,Hickman,07-4 Coble
505,Hickman,06-1 Justice Center
506,Hickman,07-1 Nunnelly
507,Hickman,01-2 Pinewood
508,Hickman,03-1 East Community Center
509,Hickman,07-2 Pleasantville
516,Houston,Stewart Community Center
515,Houston,Griffin Chapel Church
514,Houston,Houston Co. Middle School
526,Houston,Tennessee Ridge
512,Houston,Erin City Hall
511,Houston,Erin Elementary School
513,Houston,Arlington Sr. Citizens Cntr
517,Humphreys,5-6 Wildwood
518,Humphreys,1-1 Jera
531,Humphreys,7-8 North McEwen
527,Humphreys,3-4 MLEC
528,Humphreys,2-3 WFS
529,Humphreys,4-5 NJMC
530,Humphreys,6-7 South McEwen
532,Humphreys,1-2 Compassion Church
544,Jackson,1-Feb
533,Jackson,2-May
534,Jackson,2-Jan
535,Jackson,2-Jun
543,Jackson,1-Mar
537,Jackson,1-Jun
538,Jackson,2-Feb
539,Jackson,2-Mar
536,Jackson,2-Apr
541,Jackson,1-May
542,Jackson,1-Jan
540,Jackson,1-Apr
547,Jefferson,2nd Piedmont Elementary School
545,Jefferson,7th New Market City Hall
546,Jefferson,3rd White Pine School
558,Jefferson,8-1 Old Chestnut Hill School
557,Jefferson,1st Dandridge Elementary School
553,Jefferson,9th Talbott Elementary School
556,Jefferson,6th Rush Strong School
555,Jefferson,5th Jefferson Middle School
552,Jefferson,10th Jefferson City Fire Dept
554,Jefferson,8-2 Old Swannsylvania School
548,Jefferson,4th Jefferson Elementary School
1899,Johnson,4A Dry Run
1900,Johnson,1A Laurel
1905,Johnson,3B Neva
1906,Johnson,1B Cold Springs
1895,Johnson,4B Butler
1898,Johnson,7 City
1896,Johnson,2 Forge/Shouns
1893,Johnson,6 Shady
1894,Johnson,3A Trade
1907,Johnson,5 Doe Valley
599,Knox,29
616,Knox,50-N
608,Knox,43
607,Knox,42
521,Knox,70-E
522,Knox,23
1243,Knox,14
1244,Knox,11
1245,Knox,17
559,Knox,50-S
602,Knox,20
601,Knox,6
600,Knox,71
560,Knox,9
561,Knox,10-N
723,Knox,44
598,Knox,25
597,Knox,89
596,Knox,27
595,Knox,90
594,Knox,93
593,Knox,92
724,Knox,84
725,Knox,26
726,Knox,57
592,Knox,19-E
617,Knox,24-Q
588,Knox,13
628,Knox,49
520,Knox,69-E
489,Knox,33
490,Knox,74
685,Knox,65-N
667,Knox,63-N
666,Knox,63
665,Knox,45
664,Knox,67
663,Knox,70-W
662,Knox,64
661,Knox,46
660,Knox,47
491,Knox,61
702,Knox,68-E
703,Knox,55
492,Knox,59
493,Knox,72
494,Knox,56
729,Knox,18
495,Knox,58-S
496,Knox,73
1721,Knox,65-E
497,Knox,19-W
1720,Knox,65-W
1242,Knox,32
519,Knox,58-N
629,Knox,51
587,Knox,31
606,Knox,10-S
579,Knox,85
585,Knox,79
762,Knox,34
584,Knox,78
583,Knox,76
1716,Knox,66-S
1717,Knox,69-N
1718,Knox,69-S
763,Knox,16
1784,Knox,62
567,Knox,48
569,Knox,15
570,Knox,30
575,Knox,39
576,Knox,41
577,Knox,40
578,Knox,80
727,Knox,60
580,Knox,86
568,Knox,12
581,Knox,82
1719,Knox,69-W
582,Knox,87
755,Knox,35
754,Knox,36
753,Knox,37
728,Knox,81
586,Knox,77
1714,Knox,68
566,Knox,10-W
1715,Knox,66-N
939,Lake,1 Tiptonville Senior Center
940,Lake,2 Lake County Courthouse
938,Lake,3 Lake County Middle School
994,Lauderdale,Ripley 4
941,Lauderdale,McBride
944,Lauderdale,Henning
1562,Lauderdale,Edith
1561,Lauderdale,Ripley 2
1560,Lauderdale,Central
943,Lauderdale,Halls 8
942,Lauderdale,Lightfoot
983,Lauderdale,Gates
995,Lauderdale,Ripley 3
945,Lawrence,2-1 Loretto Civic Center
949,Lawrence,5-1 Leoma School Gym
948,Lawrence,1-2 West Loretto
947,Lawrence,3-1 South East Lawrence
1024,Lawrence,15-1 David Crockett
997,Lawrence,8-1 New Prospect
996,Lawrence,6-2 West Point
1021,Lawrence,12-2 Henryville
1022,Lawrence,13-1 West End
1023,Lawrence,14-1 Crawfish Valley
1025,Lawrence,3-2 Centerpoint
1026,Lawrence,16-1 Rotary Park
1027,Lawrence,17-1 Sowell
1028,Lawrence,18-1 E.O. Coffman
1029,Lawrence,6-1 Iron City
946,Lawrence,4-1 Crossroads Fire Hall
1039,Lawrence,9-1 Ethridge
1040,Lawrence,12-1 Center
1038,Lawrence,5-2 Gandy
1009,Lawrence,1-1 St. Joseph
1010,Lawrence,7-1 Lawrenceburg Public
1011,Lawrence,11-1 Summertown
998,Lawrence,9-2 Mars Hill
999,Lawrence,10-1 Howards
1044,Lewis,1-Jan
1043,Lewis,1-Mar
1042,Lewis,1-Apr
1041,Lewis,1-Feb
1066,Lewis,1-Aug
1067,Lewis,1-Sep
1045,Lewis,1-May
1046,Lewis,1-Jun
1047,Lewis,1-Jul
1093,Lincoln,Flintville Fire Hall
1138,Lincoln,FNB Community Room
1095,Lincoln,Lincoln Community Center
1096,Lincoln,South Lincoln
1097,Lincoln,Armory
1098,Lincoln,Fayetteville CPC
1099,Lincoln,Taft Baptist Church
1094,Lincoln,Kelso Cumberland Presbyterian Church
1092,Lincoln,Elora Community Center
1104,Lincoln,Petersburg
1103,Lincoln,Howell
1109,Lincoln,Mulberry Fire Hall
1108,Lincoln,Belleville Community Center
1100,Lincoln,Molino
1105,Lincoln,Recreation Center
1106,Lincoln,Liberty
1107,Lincoln,Calvary Baptist Fellowship Hall
1137,Lincoln,Maranatha
1102,Lincoln,Blanche
1101,Lincoln,Boonshill Community Center
771,Loudon,Lenoir City Outside
797,Loudon,Tellico Village North
1142,Loudon,Philadelphia
767,Loudon,Greenback
768,Loudon,Glendale
1139,Loudon,Luttrell
1140,Loudon,Loudon Outside
1141,Loudon,Loudon
773,Loudon,Eatons
772,Loudon,Browder
1143,Loudon,Davis
769,Loudon,Loudon Mt Zion
770,Loudon,Lenoir City
796,Loudon,Tellico Village South
1712,Loudon,Highland Park
831,Macon,Westside Elementary School
798,Macon,Red Boiling Springs High School
834,Macon,Central Elementary School
833,Macon,Macon County Welcome Center
832,Macon,Cross Roads Community Center
828,Macon,Willette Community Center
830,Macon,Macon County Junior High School
860,Macon,National Guard Armory
859,Macon,Lafayette Elementary School
829,Macon,Macon County High School
928,Madison,1-2 Mt. Moriah Baptist Church
950,Madison,5-1 Jackson Careers and Technology
951,Madison,5-2 Macedonia Baptist Church
963,Madison,8-1 Beech Bluff Baptist Church
882,Madison,2-3 Community Montessori School
926,Madison,4-1 Masonic Temple Lodge #45
914,Madison,4-3 Festivities Events Place
913,Madison,4-2 Andrew Jackson School
912,Madison,2-2 Aldersgate United Methodist Church
1003,Madison,6-1 South Side High School
952,Madison,5-3 North Parkway School
881,Madison,2-1 Alexander Elementary School
962,Madison,8-3 Mifflin Road Fire Station
953,Madison,7-1 UT Agricultural Experiment Station
861,Madison,10-3 North Side High School
862,Madison,9-3 Three Way City Meeting Room
964,Madison,8-2 Browns United Methodist Church
961,Madison,8-4 East Union Ruritan Center
960,Madison,8-5 Lesters Fire Station
959,Madison,6-2 South Elementary School
958,Madison,6-4 Medon City Hall
1012,Madison,10-1 Spring Creek Fire Station #7
957,Madison,6-3 Malesus Community Center
984,Madison,10-2 North East School
955,Madison,7-3 Denmark West Community Center
985,Madison,3-1 Madison Co Board of Ed.
986,Madison,3-3 Madison County Veterans Services
954,Madison,7-2 TN Technology Center
1000,Madison,3-2 Old Bells Fire Station
1001,Madison,9-1 VFW Post 1848
1002,Madison,9-2 Pope Elementary School
956,Madison,7-4 Mercer Fire Station
927,Madison,1-1 Carl Perkins Civic Center
1807,Marion,River Canyon
1808,Marion,Waldens Ridge
1049,Marion,South Pittsburg
1818,Marion,Haletown-Ladds
1030,Marion,Shellmound
1072,Marion,Whitwell
1071,Marion,Powells Crossroads
1070,Marion,Foster Falls
1069,Marion,Jasper
1068,Marion,New Hope
1073,Marion,Whitwell Mtn. FD
1051,Marion,Monteagle
1050,Marion,Lodge
1821,Marion,Elder Mountain
1820,Marion,Sequatchie
1048,Marion,Orme
1052,Marion,Kimball
1111,Marshall,McKnight Center
1110,Marshall,Chapel Hill
1080,Marshall,Hardison School
1079,Marshall,Parkview Baptist
1077,Marshall,Henry Horton State Park
1076,Marshall,Belfast
1075,Marshall,Lewisburg Gas Dept.
1074,Marshall,Recreation Center
1078,Marshall,Cornersville
1574,Maury,Spring Hill Middle
1118,Maury,Highland
776,Maury,Culleoka
1150,Maury,Bear Creek
1116,Maury,St. Catherine
1115,Maury,Santa Fe
1114,Maury,Armory
1113,Maury,Theta
1112,Maury,Neapolis
1144,Maury,First Family
1145,Maury,Mt. Pleasant
1146,Maury,Hampshire
1147,Maury,College Hill
1148,Maury,Pleasant Heights
1149,Maury,Rally Hill
1730,Maury,Northfield
1731,Maury,Spring Hill
1705,Maury,CP Church
774,Maury,Riverside
775,Maury,Bigbyville
1117,Maury,West End
801,McMinn,10 Tennessee College of Applied Technology
807,McMinn,07 Calhoun School
806,McMinn,15 Mountain View School
805,McMinn,01 City Park School
799,McMinn,12 North City School
800,McMinn,09 Ingleside School
804,McMinn,14 EK Baker School
777,McMinn,04 Englewood School
835,McMinn,13 Jones Chapel Family Life
778,McMinn,11 McMinn Courthouse
779,McMinn,08 Niota School
809,McMinn,03 Central High School
803,McMinn,05 Rogers Creek School
802,McMinn,06 Riceville School
808,McMinn,02 Etowah Community Center
1575,McNairy,5 Ramer
848,McNairy,5 East View
836,McNairy,2 Adamsville
838,McNairy,3 North East Selmer
839,McNairy,1 McNairy
843,McNairy,1 Finger
844,McNairy,3 Leapwood
840,McNairy,6 Courthouse SE
841,McNairy,7 Michie
842,McNairy,1 Bethel Springs
847,McNairy,7 Stantonville
837,McNairy,4 Rose Creek
845,McNairy,3 Purdy
846,McNairy,2 Lawton
850,McNairy,4 North Selmer
849,McNairy,5 Guys
868,Meigs,4 Meigs North
866,Meigs,3 City Hall
865,Meigs,1 Eastview
864,Meigs,2 Meigs South
863,Meigs,3 Courthouse
867,Meigs,5 Ten Mile
889,Monroe,2 Broad Street School
887,Monroe,14 Ballplay Fire Dept
886,Monroe,9 Notchey Creek Fire Dept
885,Monroe,4 Vonore Elementary School
888,Monroe,1 Sweetwater High School
891,Monroe,6 Madisonville Primary School
884,Monroe,7 Sequoyah High School
883,Monroe,10 Rural Vale Fire Dept
890,Monroe,11 Tellico Community Center
872,Monroe,12 Coker Creek School
871,Monroe,3 Sweetwater Primary School
870,Monroe,8 Vonore Community Center
869,Monroe,5 Election Commission
987,Montgomery,9
966,Montgomery,8A
965,Montgomery,14
1053,Montgomery,20A
1054,Montgomery,16
1016,Montgomery,6B
1033,Montgomery,1A
1032,Montgomery,17
1031,Montgomery,4B
1018,Montgomery,19
1017,Montgomery,15
1015,Montgomery,21A
1014,Montgomery,5B
1013,Montgomery,20B
1006,Montgomery,2B
1005,Montgomery,11
1004,Montgomery,7
1034,Montgomery,8B
930,Montgomery,2A
990,Montgomery,1B
919,Montgomery,21B
892,Montgomery,12
988,Montgomery,3
915,Montgomery,13
929,Montgomery,18
989,Montgomery,10
917,Montgomery,6A
918,Montgomery,4A
916,Montgomery,5A
1035,Moore,5 Motlow College
1055,Moore,1 Masonic Lodge
1057,Moore,2 Moore County High School
1058,Moore,4 Public Library
1056,Moore,3 Moore County Building
1802,Morgan,Sunbright 5-1
1748,Morgan,Kelly's 6-1
1752,Morgan,Burrville 5-2
1754,Morgan,Deer Lodge 4-2
1755,Morgan,Mossy Grove 6-3
1795,Morgan,Oakdale High 2-1
1797,Morgan,Wartburg 3-1
1798,Morgan,Lancing 4-1
1799,Morgan,Chestnut Ridge 4-3
1800,Morgan,Coalfield 1-1
1806,Morgan,Oakdale 2-2
1801,Morgan,Petros 6-2
1082,Obion,7-2 Obion Co. Library
1089,Obion,5-2 Cloverdale
1088,Obion,6-2 Obion Senior Center
1120,Obion,3-4 Rives
1087,Obion,3-2 Kenton
1086,Obion,2-1 Eddie Cox Sr. Center
1121,Obion,4-1 Fair Grounds
1085,Obion,5-5 Samburg
1084,Obion,5-4 Hornbeak
1081,Obion,1-1 South Fulton
1083,Obion,2-4 Woodland
1119,Obion,6-1 Troy Senior Center
1125,Overton,2 Allons
1122,Overton,5 Fairgrounds
1128,Overton,3 Rushing Springs
1127,Overton,2 Monroe
1126,Overton,4 Rickman
1757,Overton,3 Poteet
1123,Overton,1 Livingston
1124,Overton,5 Hilham
1758,Overton,3 Wilson
782,Perry,101 Cedar Creek
1129,Perry,501 Perry Co. Courthouse
780,Perry,601 Lobelville City Hall
781,Perry,401 Brush Creek
1132,Perry,201 Pineview
1133,Perry,403 Lobelville Elem. School
1134,Perry,202 Pope
1131,Perry,301 Coon Creek
1130,Perry,102 Marsh Creek
783,Perry,302 Flatwoods
790,Pickett,Bolestown
789,Pickett,Moodyville
788,Pickett,Travisville
787,Pickett,Community Center
786,Pickett,Chanute
784,Pickett,High School
785,Pickett,Oak Hill
791,Pickett,Boom
810,Pickett,Barnes Ridge
811,Polk,2 Greasy Creek Comm. Club
812,Polk,1B Chilhowee Middle Sch. Gym
818,Polk,2D Shiloh Baptist
813,Polk,1 Delano Lions Club
814,Polk,1A Polk County High School
1563,Polk,3 Community Center
815,Polk,2A Springtown Firehall
816,Polk,3B Turtletown
817,Polk,2C South Polk School
824,Putnam,08E Buffalo Valley
876,Putnam,05A Cookeville Community Center
1783,Putnam,04A Burks Middle School
875,Putnam,10B Sycamore
893,Putnam,04B Monterey High School
874,Putnam,10A Pavilion
856,Putnam,02A Northeast Elementary
825,Putnam,08D Boma
855,Putnam,11A Bangham
854,Putnam,12A Algood Inside
1566,Putnam,12B Algood Outside
1565,Putnam,08G Upperman
853,Putnam,11B Cookeville High School
852,Putnam,04C Poplar Grove Community Center
851,Putnam,05F Dry Valley
819,Putnam,06A Cane Creek
820,Putnam,09B Double Springs
821,Putnam,01A Capshaw
822,Putnam,05C Prescott South
823,Putnam,07D Twin Oak
873,Putnam,03A University
877,Putnam,07A Burgess Falls
894,Rhea,8-1 Garrison
895,Rhea,3-1 Wolf Creek
904,Rhea,9-2 Waldens Ridge
903,Rhea,1-2 Grandview
902,Rhea,7-1 Frazier
901,Rhea,6-1 Dayton West
900,Rhea,3-2 Evensville North
899,Rhea,1-1 Spring City North
898,Rhea,4-1 Evensville South
897,Rhea,2-1 Spring City South
896,Rhea,9-1 Graysville
878,Rhea,5-1 Dayton North
1759,Roane,Oliver Springs
1740,Roane,Kingston Ward 1
1739,Roane,Eureka
1738,Roane,Fairview
1737,Roane,Glen Alice
1735,Roane,Emory
1734,Roane,Kingston Ward 2
1733,Roane,Midtown
1732,Roane,South Harriman
1743,Roane,Rockwood Ward 1
1744,Roane,Emory Heights
1745,Roane,Orchard View
1746,Roane,Oak Hills
1747,Roane,Dyllis
1742,Roane,Lawnville
1702,Roane,Johnson School House
1736,Roane,Rockwood Ward 2
1741,Roane,Paw Paw
1961,Roane,Harriman Ward 1
922,Roane,Renfro
921,Roane,Cherokee
920,Roane,Midway
905,Roane,Cave Creek
923,Roane,Paint Rock
973,Robertson,9-1 Robertson County Fair Assoc.
976,Robertson,11-1 Westside School
931,Robertson,1-1 East Robertson Elementary School
932,Robertson,2-1 Robert F. Woodall Elementary School
933,Robertson,3-2 White House Heritage HS
934,Robertson,4-1 Watauga Elementary School
935,Robertson,6-2 Mt. Sharon C.P. Church
974,Robertson,10-1 South Haven Christian School
975,Robertson,11-2 Heads Free Will Baptist Church
991,Robertson,12-1 Bransford School
967,Robertson,5-1 Greenbrier High School
968,Robertson,7-1 Jo Byrns Elementary School
969,Robertson,3-1 Ebenezer Baptist Church
970,Robertson,8-2 H.A.T.S
971,Robertson,8-1 Krisle School
972,Robertson,8-3 Owens Chapel Fellowship Hall
936,Robertson,6-1 Coopertown Middle School
937,Robertson,7-2 Stroudsville Church of Christ
993,Rutherford,11-1 Smyrna Middle School
992,Rutherford,12-2 Smyrna Elementary School
980,Rutherford,8-1 Rockvale Middle School
1008,Rutherford,19-1 Creekmont General Baptist Church
1268,Rutherford,4-4 Bud's Tire
1258,Rutherford,12-1 TN National Guard Armory
1257,Rutherford,3-2 Old Jefferson Church of Christ
1136,Rutherford,15-1 John Pittard Elementary
1135,Rutherford,14-2 Siegel Elementary School
1091,Rutherford,14-1 Siegel Middle School
1090,Rutherford,16-1 Central Magnet School
1065,Rutherford,16-3 Lane Agri-Park
1007,Rutherford,10-2 Lifepoint Church
1064,Rutherford,2-2 Wilson Elementary School
1062,Rutherford,4-1 Kittrell Elementary School
1061,Rutherford,6-1 Whitworth-Buchannan Middle School
1060,Rutherford,6-2 Christiana Middle School
1059,Rutherford,10-1 Rock Springs Elementary School
1037,Rutherford,5-1 Cedar Grove Elementary School
1036,Rutherford,1-1 LaVergne Lake Elementary School
1020,Rutherford,9-2 Browns Chapel Elementary School
1019,Rutherford,11-2 StewartsboroElementary School
1063,Rutherford,2-3 Milton Fire Station
982,Rutherford,8-4 Crescent Church of Christ
981,Rutherford,8-3 Lebanon Campground Church
979,Rutherford,20-1 Blackman United Methodist Church
764,Rutherford,4-3 Oakland Middle School
765,Rutherford,4-2 North Boulevard Church of Christ
766,Rutherford,17-2 Kingwood Heights Church of Christ
792,Rutherford,15-2 Northfield Elementary School
793,Rutherford,16-2 Mitchell-Neilson Primary School
795,Rutherford,17-3 Wesley Foundation
826,Rutherford,19-2 New Vision Baptist Church
827,Rutherford,20-2 Blackman High School
857,Rutherford,7-1 New Heights Chapel
858,Rutherford,13-2 Cason Lane Academy
879,Rutherford,18-1 Patterson Park Community Center
794,Rutherford,17-1 North Boulevard Church of Christ
906,Rutherford,21-1 Hobgood Elementary School
907,Rutherford,21-2 BlackFox Elementary School
908,Rutherford,8-2 Eagleville Community Center
909,Rutherford,2-1 Lascassas Elementary School
910,Rutherford,12-3 LaVergne High School
911,Rutherford,3-1 Leanna Church of Christ
924,Rutherford,7-2 Barfield Elementary School
880,Rutherford,13-1 Bellwood-Bowdoin Pre-School
925,Rutherford,18-2 Riverdale High School
977,Rutherford,5-2 LaVergne Middle School
978,Rutherford,9-1 Stewarts Creek Elementary School
1762,Scott,2-2 Robbins
1756,Scott,2-1 Elgin
1751,Scott,6-1 Oneida
1750,Scott,7-1 West Oneida
1749,Scott,3-2 Paint Rock
1760,Scott,5-1 Pine Hill
1763,Scott,3-1 Huntsville
1246,Scott,5-2 Winfield
1761,Scott,4-1 Helenwood
1804,Scott,1-1 Fairview
1274,Sequatchie,9 Fredonia
1284,Sequatchie,7 City Justice Center
1273,Sequatchie,2 Cagle
1286,Sequatchie,3 Court House
1271,Sequatchie,5 Chapel Hill
1270,Sequatchie,8 Lone Oak
1269,Sequatchie,1 Lewis Chapel
1285,Sequatchie,4 Electric Co-op
1272,Sequatchie,6 Daus
1297,Sevier,Catons Chapel 2
1710,Sevier,Seymour Intm. Sch. 2
1711,Sevier,Seymour Primary Sch. 2
1564,Sevier,Pigeon Forge 2
1298,Sevier,Pittman Center 1
1333,Sevier,Kodak 2
1331,Sevier,Underwood 1
1322,Sevier,Kodak 1
1321,Sevier,Boyd's Creek 2
1320,Sevier,Catlettsburg 2
1319,Sevier,Walnut Grove 2
1318,Sevier,Middle School 2
1317,Sevier,Senior Citizens 2
1332,Sevier,Jones Cove 2
1307,Sevier,Whites 2
1305,Sevier,Waldens Creek 2
1304,Sevier,Wearwood 2
1303,Sevier,Gatlinburg 2
1302,Sevier,New Center 1
1301,Sevier,Harrisburg 2
1300,Sevier,Caton's Chapel 1
1299,Sevier,Jones Cove 1
1306,Sevier,DuPont 2
1334,Sevier,Catlettsburg 1
1725,Sevier,Sevierville Elementary
1278,Shelby,Collierville 6
1248,Shelby,Memphis 91-4
1345,Shelby,Collierville 3
1290,Shelby,Forest Hills 1
1288,Shelby,Cordova 5
1287,Shelby,Cordova 4
1342,Shelby,Collierville 8
1263,Shelby,Germantown 11
1351,Shelby,Bartlett 11
1352,Shelby,Bartlett 04
1353,Shelby,Bartlett 03
1357,Shelby,Collierville 5
1358,Shelby,Collierville 7
1359,Shelby,Collierville 2
1337,Shelby,Lucy 1
1336,Shelby,Lucy 3
1364,Shelby,Bartlett 08
1365,Shelby,Bartlett 13
1326,Shelby,Germantown 06
1280,Shelby,Forest Hills 2
1279,Shelby,Collierville 4
1291,Shelby,Forest Hills 3
1335,Shelby,Memphis 87-2
1344,Shelby,Collierville 1
1218,Shelby,Memphis 96-2
1189,Shelby,Memphis 87-4
1220,Shelby,Eads
1233,Shelby,Cordova 3
1168,Shelby,Brunswick 1
1210,Shelby,Germantown 12
1209,Shelby,Germantown 04
1167,Shelby,Lakeland 2
1208,Shelby,Germantown 03
1176,Shelby,Brunswick 2
1166,Shelby,Lakeland 1
1165,Shelby,Arlington 02
1177,Shelby,Bartlett 05
1207,Shelby,Germantown 05
1164,Shelby,Arlington 01
1206,Shelby,Bartlett 09
1205,Shelby,Bartlett 06
1192,Shelby,Germantown 10
1194,Shelby,Germantown 02
1193,Shelby,Germantown 08
1354,Shelby,Memphis 11
1339,Shelby,Memphis 20-3
1340,Shelby,Memphis 01
1341,Shelby,Memphis 02
1184,Shelby,Memphis 59-5
1179,Shelby,Memphis 46-2
1183,Shelby,Memphis 73-1
1182,Shelby,Memphis 58-4
1181,Shelby,Memphis 68-3
1180,Shelby,Memphis 57
1338,Shelby,McConnells
1175,Shelby,Memphis 66
1174,Shelby,Memphis 73-3
1355,Shelby,Memphis 21
1172,Shelby,Memphis 45-4
1151,Shelby,Memphis 71-4
1157,Shelby,Memphis 72-3
1158,Shelby,Memphis 70-1
1160,Shelby,Memphis 60-7
1308,Shelby,Memphis 69-2
1309,Shelby,Memphis 70-2
1295,Shelby,Memphis 34-2
1294,Shelby,Memphis 26
1313,Shelby,Memphis 50-2
1314,Shelby,Memphis 13
1173,Shelby,Memphis 74-5
1315,Shelby,Memphis 12
1161,Shelby,Memphis 60-5
1162,Shelby,Memphis 74-9
1323,Shelby,Memphis 72-7
1324,Shelby,Memphis 42-1
1327,Shelby,Memphis 31-2
1328,Shelby,Memphis 31-4
1329,Shelby,Memphis 60-9
1330,Shelby,Memphis 60-6
1169,Shelby,Memphis 17
1170,Shelby,Memphis 16-1
1316,Shelby,Memphis 50-1
1171,Shelby,Memphis 28
1296,Shelby,Memphis 49
1254,Shelby,Memphis 45-2
1251,Shelby,Memphis 37
1224,Shelby,Memphis 54
1223,Shelby,Memphis 53-1
1250,Shelby,Memphis 44-5
1356,Shelby,Memphis 41-3
1255,Shelby,Memphis 61
1256,Shelby,Memphis 47-1
1222,Shelby,Memphis 52-1
1221,Shelby,Memphis 36-1
1249,Shelby,Memphis 44-1
1226,Shelby,Memphis 67-3
1261,Shelby,Memphis 20-1
1262,Shelby,Memphis 16-3
1227,Shelby,Memphis 67-1
1253,Shelby,Memphis 58-1
1252,Shelby,Memphis 33
1239,Shelby,Memphis 74-1
1238,Shelby,Memphis 55-2
1237,Shelby,Memphis 64
1283,Shelby,Memphis 60-3
1236,Shelby,Memphis 68-1
1370,Shelby,Memphis 62
1240,Shelby,Memphis 74-2
1366,Shelby,Memphis 36-2
1235,Shelby,Memphis 95-8
1152,Shelby,Memphis 90-2
1153,Shelby,Millington 1
1154,Shelby,Millington 2
1156,Shelby,Memphis 84-2
1232,Shelby,Morning Sun 02
1159,Shelby,Memphis 92-1
1247,Shelby,Memphis 91-2
1293,Shelby,Ross Store 16
1155,Shelby,Memphis 83
1241,Shelby,Memphis 93-3
1190,Shelby,Memphis 81-1
1225,Shelby,Memphis 93-1
1191,Shelby,Memphis 80-2
1188,Shelby,Memphis 86
1282,Shelby,Memphis 77-1
1204,Shelby,Memphis 87-3
1281,Shelby,Memphis 76-4
1289,Shelby,Memphis 89-1
1178,Shelby,Memphis 90-3
1276,Shelby,Memphis 95-6
1275,Shelby,Memphis 95-7
1163,Shelby,Stewartville
1211,Shelby,Memphis 81-3
1217,Shelby,Memphis 95-1
1219,Shelby,Memphis 96-1
1267,Shelby,Memphis 76-6
1266,Shelby,Memphis 76-5
1265,Shelby,Memphis 77-3
1264,Shelby,Memphis 79-1
1260,Shelby,Memphis 91-1
1259,Shelby,Memphis 89-2
1292,Shelby,Ross Store 14
1212,Shelby,Memphis 81-7
1234,Shelby,Morning Sun 01
1277,Shelby,Memphis 95-5
1311,Shelby,Ross Store 05
1374,Shelby,Memphis 94-6
1373,Shelby,Ross Store 13
1372,Shelby,Memphis 94-3
1310,Shelby,Memphis 94-8
1371,Shelby,Memphis 94-7
1369,Shelby,Memphis 88-4
1367,Shelby,Memphis 88-3
1363,Shelby,Memphis 82-2
1362,Shelby,Memphis 75-11
1368,Shelby,Memphis 88-2
1360,Shelby,Memphis 75-7
1312,Shelby,Ross Store 15
1361,Shelby,Memphis 75-6
1343,Shelby,Collierville 9
1346,Shelby,Memphis 78-3
1325,Shelby,Memphis 81-5
1348,Shelby,Memphis 79-3
1349,Shelby,Memphis 79-2
1350,Shelby,Memphis 75-1
1347,Shelby,Memphis 79-7
1383,Smith,02 Tanglewood
1389,Smith,05 Gordonsville
1388,Smith,08 Elmwood
1387,Smith,07 South Carthage
1386,Smith,03 New Middleton
1385,Smith,04 Rock City
1384,Smith,01 Defeated
1382,Smith,06 Carthage
1380,Stewart,7-1 Cumberland City
1379,Stewart,6-1 County Library
1378,Stewart,4-1 Family Life Center
1377,Stewart,2-1 Big Rock
1376,Stewart,3-1 Bumpus Mills
1375,Stewart,5-1 Visitors Center
1381,Stewart,1-1 Indian Mound
1886,Sullivan,10A
1885,Sullivan,4A
1877,Sullivan,11A
1876,Sullivan,5C
1853,Sullivan,5A
1870,Sullivan,2A
1862,Sullivan,5B
1863,Sullivan,10B
1872,Sullivan,11B
1874,Sullivan,7C
1873,Sullivan,7A
1871,Sullivan,9B
1864,Sullivan,9A
1865,Sullivan,8A
1866,Sullivan,8B
1867,Sullivan,2C
1875,Sullivan,6C
1887,Sullivan,6B
1868,Sullivan,4B
1888,Sullivan,6A
1891,Sullivan,1A
1892,Sullivan,3A
1869,Sullivan,4C
1914,Sullivan,2B
1913,Sullivan,7B
1215,Sumner,301 Gallatin Civic Center
1203,Sumner,802 Hawkins Middle School
1200,Sumner,1203 White House Middle School
1198,Sumner,1101 Beech High School Annex
1197,Sumner,1102 Church of the Nazarene
1195,Sumner,1001 Walton Ferry Elementary
1216,Sumner,601 Vol State College
1187,Sumner,1201 Oakmont Elementary
1186,Sumner,404 Union Elementary
1185,Sumner,501 First Baptist Gallatin
1213,Sumner,101 Westmoreland Middle
1214,Sumner,1002 Merrol Hyde Magnet School
1196,Sumner,701 Whitten Elementary
1199,Sumner,1103 Millersville Community Center
1555,Sumner,901 Hendersonville High School
1229,Sumner,202 Portland High School
1444,Sumner,303 Creekside Fellowship
1445,Sumner,502 Guild Elementary
1446,Sumner,103 Corinth Church of Christ
1228,Sumner,203 Wiseman Elementary
1202,Sumner,703 Long Hollow Baptist Church
1554,Sumner,603 Jack Anderson Elementary
1201,Sumner,403 Cottontown Fire Hall
1230,Sumner,801 Brown Elementary
1231,Sumner,902 Indian Lake Elementary
1726,Sumner,602 Gallatin Sr. High School
1728,Sumner,401 Howard Elementary School
1727,Sumner,402 Station Camp High School
1453,Tipton,12 Munford
1455,Tipton,11 Atoka
1454,Tipton,06 Tipton West
1447,Tipton,03 S.E. Covington
1448,Tipton,01 N. E. Covington
1449,Tipton,19 Austin Peay
1450,Tipton,21 W. Wilkinsville
1452,Tipton,14 Southwest Tipton
1451,Tipton,22 Brighton
1482,Trousdale,1 Senior Center
1490,Trousdale,9 City
1489,Trousdale,8 Willard
1488,Trousdale,7 High School
1456,Trousdale,2 Cato
1480,Trousdale,4 Halltown
1483,Trousdale,10 Providence
1481,Trousdale,3 Beech Grove
1487,Trousdale,5 Templow
1484,Trousdale,6 Walnut Grove
1830,Unicoi,Love Chapel
1890,Unicoi,Fishery
1889,Unicoi,Flag Pond
1878,Unicoi,Unicoi
1824,Unicoi,Temple Hill
1879,Unicoi,Limestone Cove
1880,Unicoi,Rock Creek
1881,Unicoi,High School
1496,Union,3-2 Cedar Grove Community Cen.
1503,Union,5-13 Braden Chapel Church
1504,Union,5-10 Sharps Chapel Elementary
1497,Union,4-7 Big Ridge Elementary Sch.
1499,Union,7-1 Plainview Community Center
1495,Union,1-1 Union County High School
1494,Union,2-2 Luttrell Elementary School
1493,Union,3-3 Brock Community Center
1498,Union,6-6 Paulette Elementary School
1509,Van Buren,Cummingsville Community Cntr
1510,Van Buren,White Hill Community Cntr.
1508,Van Buren,Piney Fire Hall
1511,Van Buren,Spencer 1
1506,Van Buren,Fall Creek Falls Comm. Center
1505,Van Buren,Spencer 5
1507,Van Buren,Cedar Grove Community Cntr.
1528,Warren,02-2 Warren County Airport
1517,Warren,12-2 Lucky Community Center
1538,Warren,09-1 Morrison Ruritan Club
1536,Warren,10-2 Centertown Comm. Ctr.
1535,Warren,06-1 Caney Fork Electric Auditorium
1532,Warren,03-1 Westwood Church of Christ
1533,Warren,08-1 Shellsford Baptist Church
1534,Warren,05-1 Three Star Mall
1537,Warren,09-2 Viola Valley Comm. Center
1539,Warren,03-2 Smartt First Baptist Church
1549,Warren,01-1 Christ Community Church
1548,Warren,12-1 Warren Co. Highway Dept
1516,Warren,11-2 Hwy 56 N Church of Christ
1518,Warren,10-1 Centertown United Methodist Church
1515,Warren,04-1 TSU Nursery Res. Center
1513,Warren,11-1 Midway Community Center
1514,Warren,07-1 Friendship The Baptist Church
1512,Warren,08-3 Bonner Church of Christ
1522,Warren,02-1 Courthouse
1521,Warren,05-2 Chamber of Commerce
1845,Washington,Courthouse
1846,Washington,New Victory
1843,Washington,Grace West
1847,Washington,Boones Creek East
1848,Washington,Fall Branch
1849,Washington,Bowmantown
1841,Washington,Harmony
1844,Washington,Visitor's Center
1854,Washington,Henry Johnson 6
1855,Washington,Gray County
1856,Washington,Gray City
1857,Washington,Boones Creek West
1858,Washington,Indian Trail City
1859,Washington,South Side
1860,Washington,Carver
1861,Washington,Town Acres County
1960,Washington,Princeton
1840,Washington,New Salem
1850,Washington,Boones Creek City
1839,Washington,Woodland
1833,Washington,Henry Johnson 7
1837,Washington,Sulphur Springs
1838,Washington,Asbury
1952,Washington,South Central 7
1825,Washington,Grace East
1954,Washington,South Central 6
1827,Washington,Keystone
1828,Washington,Lake Ridge
1829,Washington,Embreeville
1826,Washington,Grace City
1832,Washington,Town Acres City
1834,Washington,Fairmont
1835,Washington,Fairhaven
1836,Washington,Boones Creek Central
1831,Washington,Lamar
1410,Wayne,3 Eagle Creek Fire Hall
1423,Wayne,5 Big Cypress
1411,Wayne,4 Shawnatee
1409,Wayne,5 Lutts
1412,Wayne,6 Southgate Fire Hall
1418,Wayne,7 Buffalo River Fire Dept.
1419,Wayne,7 Ovilla Fire Hall
1420,Wayne,1 Waynesboro City
1421,Wayne,5 Woodman Building
1424,Wayne,2 Clifton
1422,Wayne,3 Crazy Horse
1426,Wayne,4 Collinwood City
1427,Wayne,6 Holly Creek Fire Hall
1425,Wayne,3 Beech Creek Fire Hall
1437,Weakley,03 Greenfield First Baptist Church
1438,Weakley,09 Dresden First United Methodist Church
1439,Weakley,07 Martin Shepardsfield Church
1436,Weakley,06 Martin Trinity Presbyterian Church
1432,Weakley,02 Gleason Community Building
1431,Weakley,01A Palmersville Fire Station
1430,Weakley,01B Latham Vol. Fire Dept.
1433,Weakley,04 Sharon First Baptist Church
1428,Weakley,08 Martin First United Methodist Church
1429,Weakley,05  Martin Church of Christ
1459,White,"6-1 Central View School, County"
1464,White,"7-1 Northfield School, County"
1465,White,"1-2 Sparta Civic Center, County"
1441,White,"1-1 Sparta Civic Center, City"
1440,White,"4-1 Woodland Park School, County"
1457,White,"5-1 Doyle Civic Center Hall, County"
1458,White,"6-2 Cassville School, County"
1463,White,"3-1 Ag Fair Complex, County"
1460,White,"2-2 Woodland Park School, County"
1461,White,"2-1 Ag Fair Complex, City"
1462,White,"4-2 Bondecroft School, County"
1393,Williamson,4-3 Franklin Christian Church
1390,Williamson,6-2 Brentwood Safety Center
1391,Williamson,4-1 Prairie Life Fitness Center
1392,Williamson,4-2 Millview Church of Christ
1394,Williamson,5-2 Nolensville Methodist Church
1466,Williamson,6-3 Holy Family Catholic Church
1540,Williamson,2-5 Conduit Church
1544,Williamson,3-1 Heritage Elementary School
1543,Williamson,1-4 Burwood Community Center
1542,Williamson,9-4 Grace Chapel Church
1541,Williamson,5-3 Triune Baptist Church
1471,Williamson,1-2 Fairview Recreation Center
1472,Williamson,9-2 Benton Hall School
1473,Williamson,5-4 Nolensville Baptist Church
1474,Williamson,9-5 Independence High School
1467,Williamson,11-3 Winstead Elementary School
1500,Williamson,10-1 Franklin Recreation Complex
1492,Williamson,7-1 Brenthaven Church
1491,Williamson,7-2 Baptist Children's Home
1525,Williamson,8-2 First Presbyterian Church
1526,Williamson,8-1 Grassland Middle School
1527,Williamson,1-5 The Church of Spring Hill
1531,Williamson,2-1 Bethesda Recreation Center
1530,Williamson,2-3 Oakview Elementary School
1529,Williamson,12-2 The Church of the City-Franklin
1485,Williamson,6-1 Brentwood Library
1545,Williamson,2-4 College Grove Community Center
1486,Williamson,7-3 New Hope Community Church
1547,Williamson,1-3 Old Pinewood School
1553,Williamson,12-3 The Gate Community Church
1552,Williamson,3-3 Chapman's Retreat Elementary School
1551,Williamson,2-2 Thompson Station Baptist Church
1468,Williamson,11-1 Franklin Elementary School
1469,Williamson,9-3 Westhaven Clubhouse
1470,Williamson,1-1 Westwood Elementary School
1519,Williamson,8-3 Episcopal Church
1546,Williamson,3-2 Longview Recreation Center
1523,Williamson,10-3 Hunter's Bend Elementary School
1520,Williamson,9-1 Walnut Grove Elementary School
1550,Williamson,12-1 Franklin Community of Faith Church
1502,Williamson,11-2 Robert Ring Indoor Soccer Complex
1501,Williamson,10-2 Liberty Elementary School
1524,Williamson,5-1 Sunset Elementary School
1408,Wilson,24-1
1417,Wilson,18-1
1416,Wilson,1-May
1415,Wilson,21-1
1413,Wilson,19-1
1414,Wilson,1-Jun
1407,Wilson,17-1
1406,Wilson,23-1
1401,Wilson,2-Sep
1435,Wilson,1-Feb
1478,Wilson,2-Dec
1402,Wilson,1-Jul
1403,Wilson,21-2
1400,Wilson,1-Apr
1399,Wilson,25-1
1398,Wilson,22-1
1397,Wilson,1-Dec
1396,Wilson,14-1
1395,Wilson,1-Mar
1479,Wilson,2-Apr
1709,Wilson,1-Aug
1707,Wilson,13-1
1404,Wilson,15-1
1443,Wilson,1-Nov
1442,Wilson,1-Oct
1434,Wilson,1-Jan
1475,Wilson,25-2
1476,Wilson,1-Sep
1477,Wilson,2-Jul
1708,Wilson,16-1
1405,Wilson,20-1
